Barcode,Topic 1,Topic 2to10
AAACACCAATAACTGC-1,0.000105,0.999895
AAACAGAGCGACTCCT-1,0.000034,0.999966
AAACAGCTTTCAGAAG-1,0.000032,0.999968
AAACAGGGTCTATATT-1,0.000008,0.999992
AAACCGGGTAGGTACC-1,0.000007,0.999993
AAACCTCATGAAGTTG-1,0.000012,0.999988
AAACGAGACGGTTGAT-1,0.000013,0.999987
AAACGGTTGCGAACTG-1,0.000136,0.999864
AAACGTGTTCGCCCTA-1,0.000102,0.999898
AAACTAACGTGGCGAC-1,0.000667,0.999333
AAACTCGGTTCGCAAT-1,0.000081,0.999919
AAACTGCTGGCTCCAA-1,0.000042,0.999958
AAACTTAATTGCACGC-1,0.000053,0.999947
AAACTTGCAAACGTAT-1,0.000006,0.999994
AAAGACCCAAGTCGCG-1,0.000043,0.999957
AAAGGGATGTAGCAAG-1,0.00003,0.99997
AAAGGGCAGCTTGAAT-1,0.000036,0.999964
AAAGGTAAGCTGTACC-1,0.000347,0.999653
AAAGTAGCATTGCTCA-1,0.000092,0.999908
AAAGTCGACCCTCAGT-1,0.000005,0.999995
AAATAACCATACGGGA-1,0.000114,0.999886
AAATACCTATAAGCAT-1,0.000017,0.999983
AAATAGCTTAGACTTT-1,0.000045,0.999955
AAATAGGGTGCTATTG-1,0.000012,0.999988
AAATGCTCGTTACGTT-1,0.000065,0.999935
AAATGGCATGTCTTGT-1,0.000167,0.999833
AAATGGCCCGTGCCCT-1,0.00003,0.99997
AAATTAACGGGTAGCT-1,0.000051,0.999949
AAATTAATAAGCGCGA-1,0.000011,0.999989
AAATTACACGACTCTG-1,0.000083,0.999917
AAATTACCTATCGATG-1,0.000024,0.999976
AAATTTGCGGGTGTGG-1,0.000005,0.999995
AACAACTGGTAGTTGC-1,0.000047,0.999953
AACAATTACTCTACGC-1,0.00007,0.99993
AACACACGCTCGCCGC-1,0.000023,0.999977
AACACGAGACGCGGCC-1,0.000053,0.999947
AACAGGAAATCGAATA-1,0.000029,0.999971
AACAGGATGGGCCGCG-1,0.000012,0.999988
AACATATCAACTGGTG-1,0.000017,0.999983
AACCAAGACTTCTCTG-1,0.000006,0.999994
AACCATAGGGTTGAAC-1,0.000044,0.999956
AACCATGGGATCGCTA-1,0.000056,0.999944
AACCCAGAGACGGAGA-1,0.000097,0.999903
AACCCATCCCATGATC-1,0.000129,0.999871
AACCCTACTGTCAATA-1,0.000029,0.999971
AACCGAGCTTGGTCAT-1,0.000039,0.999961
AACCGCTAAGGGATGC-1,0.000027,0.999973
AACCGTTGTGTTTGCT-1,0.0001,0.9999
AACCTCGCTTTAGCCC-1,0.00014,0.99986
AACCTTTAAATACGGT-1,0.00006,0.99994
AACCTTTACGACGTCT-1,0.000091,0.999909
AACGAAAGTCGTCCCA-1,0.000027,0.999973
AACGATAATGCCGTAG-1,0.000059,0.999941
AACGATATGTCAACTG-1,0.000213,0.999787
AACGCATGATCTGGGT-1,0.000068,0.999932
AACGCGAACGGCAACA-1,0.000018,0.999982
AACGCGGTCTCCAGCC-1,0.000265,0.999735
AACGCTGTTGCTGAAA-1,0.000107,0.999893
AACGGACGTACGTATA-1,0.000019,0.999981
AACGTCAGACTAGTGG-1,0.000021,0.999979
AACGTGATGAAGGACA-1,0.000322,0.999678
AACGTGCGAAAGTCTC-1,0.000006,0.999994
AACGTTATCAGCACCT-1,0.000592,0.999408
AACTAGGCTTGGGTGT-1,0.000031,0.999969
AACTCAAGTTAATTGC-1,0.000023,0.999977
AACTCCTAATCCCATG-1,0.000162,0.999838
AACTCGATAAACACGT-1,0.00082,0.99918
AACTCGATGGCGCAGT-1,0.000073,0.999927
AACTCTCAATAGAGCG-1,0.000024,0.999976
AACTGAGGTCAGCGTC-1,0.001111,0.998889
AACTGATATTAGGCCT-1,0.000194,0.999806
AACTGGGTCCCGACGT-1,0.000117,0.999883
AACTTCTGCGTCTATC-1,0.000033,0.999967
AACTTGCCCGTATGCA-1,0.000006,0.999994
AACTTGCGTTCTCGCG-1,0.000076,0.999924
AACTTTACGGGAGCTT-1,0.000051,0.999949
AAGAAGGATCAGTTAG-1,0.000029,0.999971
AAGACCAAATAACTCA-1,0.000161,0.999839
AAGACTGCAAGCTACT-1,0.000017,0.999983
AAGAGATGAATCGGTA-1,0.000034,0.999966
AAGAGCTCTTTATCGG-1,0.00001,0.99999
AAGAGGATGTACGCGA-1,0.000015,0.999985
AAGAGGCATGGATCGC-1,0.000022,0.999978
AAGATTGGCGGAACGT-1,0.000028,0.999972
AAGCATACTCTCCTGA-1,0.000108,0.999892
AAGCGGAGTGCGCGCA-1,0.000033,0.999967
AAGCGGCGTCATGGGT-1,0.000082,0.999918
AAGCTAGATCGAGTAA-1,0.000019,0.999981
AAGCTCGTGCCAAGTC-1,0.000054,0.999946
AAGCTCTTTCATGGTG-1,0.000098,0.999902
AAGGATGAGGGACCTC-1,0.000022,0.999978
AAGGCGCGTAAAGCTT-1,0.000027,0.999973
AAGGGAACGACTGGCT-1,0.00006,0.99994
AAGGGACAGATTCTGT-1,0.000029,0.999971
AAGGTATCCTAATATA-1,0.000035,0.999965
AAGGTGATAAACCAGC-1,0.000032,0.999968
AAGTAGAAGACCGGGT-1,0.000123,0.999877
AAGTAGTGACGCGAGG-1,0.000015,0.999985
AAGTCTTCTGTGGCCT-1,0.000135,0.999865
AAGTGACGACCGAATT-1,0.00001,0.99999
AAGTGCGTTAGAATCT-1,0.000339,0.999661
AAGTGTTTGGAGACGG-1,0.000334,0.999666
AAGTTCACTCCAAGCT-1,0.001163,0.998837
AAGTTCGGCCAACAGG-1,0.000025,0.999975
AAGTTTATGGGCCCAA-1,0.000071,0.999929
AATAACAACGCTCGGC-1,0.000009,0.999991
AATACAATGTTTCAGG-1,0.00005,0.99995
AATAGAATCTGTTTCA-1,0.000013,0.999987
AATAGCAAGCCTCCTG-1,0.000018,0.999982
AATAGTCGCGAGTCGG-1,0.000021,0.999979
AATATCAAGGTCGGAT-1,0.000029,0.999971
AATATCGAGGGTTCTC-1,0.000053,0.999947
AATATTGGAGTATTGA-1,0.000091,0.999909
AATCCAAGGGCCTGAG-1,0.000078,0.999922
AATCCATGCAAGGGTG-1,0.000068,0.999932
AATCGCCTCAGCGCCA-1,0.000008,0.999992
AATCTAGGTTTACTTG-1,0.000032,0.999968
AATCTCTACTGTGGTT-1,0.000357,0.999643
AATCTGCGTTGGGACG-1,0.000026,0.999974
AATCTGGCTTTCTAGT-1,0.000052,0.999948
AATGACAGCAATGTCT-1,0.000031,0.999969
AATGACGTAGGATGTC-1,0.000014,0.999986
AATGAGTTCGCATATG-1,0.000024,0.999976
AATGATGATACGCTAT-1,0.000027,0.999973
AATGATGCGACTCCTG-1,0.000026,0.999974
AATGCAACCGGGTACC-1,0.000019,0.999981
AATGCACCAAGCAATG-1,0.000017,0.999983
AATGGTCCACCGTTCA-1,0.000047,0.999953
AATGGTTCTCACAAGC-1,0.000025,0.999975
AATGTATGGCACTGTA-1,0.000046,0.999954
AATGTGCCCGAGGTGT-1,0.000163,0.999837
AATTAACGGATTTCCA-1,0.000015,0.999985
AATTACTCGTACGCTC-1,0.000398,0.999602
AATTAGCGCTGCAGCG-1,0.000008,0.999992
AATTCATAAGGGATCT-1,0.00003,0.99997
AATTCATTGTCATGCA-1,0.000038,0.999962
AATTCCAACTTGGTGA-1,0.000039,0.999961
AATTCTAGAGTTAGGC-1,0.000028,0.999972
AATTGAACGCTCTGGT-1,0.000025,0.999975
AATTGCGTGGATTACA-1,0.000058,0.999942
AATTTGGGACATAGTA-1,0.000135,0.999865
AATTTGGTTCCAAAGA-1,0.000113,0.999887
ACAAACCATGCGTCCT-1,0.000157,0.999843
ACAAATCGCACCGAAT-1,0.000043,0.999957
ACAAATGGTAGTGTTT-1,0.000023,0.999977
ACAAATTCAGATCTGA-1,0.000431,0.999569
ACAACAGCATGAGCTA-1,0.000364,0.999636
ACAACGGTCCCTGCGA-1,0.000055,0.999945
ACAAGCAGTGCCTAGC-1,0.000041,0.999959
ACAAGGAAATCCGCCC-1,0.000143,0.999857
ACAAGGACAAGAGGTT-1,0.000027,0.999973
ACAAGGATGCTTTAGG-1,0.000115,0.999885
ACAAGGGCAGGCTCTG-1,0.000005,0.999995
ACAATAGTCGTACGTT-1,0.000038,0.999962
ACAATCCATTTAAACC-1,0.000017,0.999983
ACAATGATTCTTCTAC-1,0.000199,0.999801
ACAATTTGAGCAGTGG-1,0.000032,0.999968
ACACAAATATTCCTAG-1,0.000095,0.999905
ACACACCAGGACCAGT-1,0.00004,0.99996
ACACACTTTCTACACG-1,0.000053,0.999947
ACACATGATCAAATCT-1,0.000442,0.999558
ACACATTGACGCAACA-1,0.000581,0.999419
ACACATTTCCGTAGAC-1,0.000055,0.999945
ACACCCGAGAAATCCG-1,0.00004,0.99996
ACACCGAGCGCTCTTT-1,0.000282,0.999718
ACACCGGTCTGACCGC-1,0.000197,0.999803
ACACCTTAAGTAGGGC-1,0.000065,0.999935
ACACGAGACTCCTTCT-1,0.00007,0.99993
ACACGGGAACTTAGGG-1,0.000124,0.999876
ACACTCCAATGTCACT-1,0.000045,0.999955
ACAGAACTGAGAACAA-1,0.000299,0.999701
ACAGCGCACCCGCAGC-1,0.00007,0.99993
ACAGGCTTGCCCGACT-1,0.000183,0.999817
ACAGTAATACAACTTG-1,0.000033,0.999967
ACATAAGTCGTGGTGA-1,0.000035,0.999965
ACATAATAAGGCGGTG-1,0.000047,0.999953
ACATCGATCGTTTACC-1,0.000022,0.999978
ACATCGGTCAGCCGCG-1,0.000019,0.999981
ACATCGTATGCAATGG-1,0.000011,0.999989
ACATCGTTAACCTAGT-1,0.000136,0.999864
ACATGGCTCAATTTAG-1,0.000483,0.999517
ACATTAGTTTATATCC-1,0.000014,0.999986
ACCAATATGCAAGTTA-1,0.000103,0.999897
ACCACGTGCAGCTATA-1,0.0001,0.9999
ACCACTGTTCAAGAAG-1,0.000056,0.999944
ACCAGACCATAACAAC-1,0.000059,0.999941
ACCAGTGCCCGGTCAA-1,0.000089,0.999911
ACCATCCGCCAACTAG-1,0.000131,0.999869
ACCATCGTATATGGTA-1,0.00011,0.99989
ACCATTAAGGGTGTCA-1,0.000052,0.999948
ACCCAACGCCCGTGGC-1,0.000031,0.999969
ACCCACCTACATGCTC-1,0.000051,0.999949
ACCCATCTTGAGGGTA-1,0.000026,0.999974
ACCCGGAAACTCCCAG-1,0.000014,0.999986
ACCCTATAGGACTGAG-1,0.000065,0.999935
ACCCTCCCTTGCTATT-1,0.00003,0.99997
ACCCTTCATCTGCGAA-1,0.000518,0.999482
ACCGAAGAGTCTGGTT-1,0.000076,0.999924
ACCGACACATCTCCCA-1,0.000032,0.999968
ACCGACTGAGTCCCAC-1,0.000035,0.999965
ACCGATGGTAGCATCG-1,0.000039,0.999961
ACCGCAATAACTGCCT-1,0.000694,0.999306
ACCGGTCAGGTACACC-1,0.000463,0.999537
ACCGGTCTGAGTACGG-1,0.000113,0.999887
ACCTAAGTACCTTTCA-1,0.000053,0.999947
ACCTAATCGACTTCCT-1,0.000014,0.999986
ACCTCGAACTTATGCT-1,0.000067,0.999933
ACCTGCGTGTCATGTT-1,0.00001,0.99999
ACGAAATGGGCGGCAC-1,0.000041,0.999959
ACGAGAACCCATCACG-1,0.000039,0.999961
ACGAGATATTTGCTTA-1,0.000062,0.999938
ACGAGGATACCACTCT-1,0.000037,0.999963
ACGAGGTTTACAACGT-1,0.00038,0.99962
ACGAGTACGGATGCCC-1,0.000046,0.999954
ACGAGTCGCCGGCGTT-1,0.000037,0.999963
ACGATACATAGAACTA-1,0.000036,0.999964
ACGATCATACATAGAG-1,0.000035,0.999965
ACGATCATCTTGTAAA-1,0.000039,0.999961
ACGATGCATATGTTAT-1,0.00002,0.99998
ACGATGGATCCGATGC-1,0.000053,0.999947
ACGCATAAATGACATG-1,0.000056,0.999944
ACGCATTCGTGAGTAC-1,0.00003,0.99997
ACGCCAGATGATTTCT-1,0.000719,0.999281
ACGCCGCTAGACGACC-1,0.000048,0.999952
ACGCGAAGTCAGACGA-1,0.000055,0.999945
ACGCGCTACACAGGGT-1,0.000015,0.999985
ACGCGGGCCAAGGACA-1,0.000021,0.999979
ACGCGTTTCTTAAGAG-1,0.00003,0.99997
ACGCTAGTGATACACT-1,0.000057,0.999943
ACGCTGTGAGGCGTAG-1,0.000051,0.999949
ACGGAATTTAGCAAAT-1,0.000039,0.999961
ACGGATGGTGCGGATA-1,0.000048,0.999952
ACGGCACTTGCTTGGG-1,0.00003,0.99997
ACGGCGACGATGGGAA-1,0.000452,0.999548
ACGGCTGGATGTAGAA-1,0.000045,0.999955
ACGGGAGTGTCGGCCC-1,0.000287,0.999713
ACGGGTCATGTGACTT-1,0.000051,0.999949
ACGGTCACCGAGAACA-1,0.000016,0.999984
ACGTACAGATTTCTCT-1,0.000148,0.999852
ACGTAGATTGCTGATG-1,0.000037,0.999963
ACGTCTCGTTCCGGGA-1,0.000023,0.999977
ACGTGCGCCTCGTGCA-1,0.000015,0.999985
ACGTTAATGTCGAAGA-1,0.000011,0.999989
ACGTTAGATTTGCCCG-1,0.000028,0.999972
ACGTTATTGGTCACTC-1,0.000235,0.999765
ACGTTTAGTTGTGATC-1,0.000173,0.999827
ACTAAGGACGCACACC-1,0.000013,0.999987
ACTAATACGTCAGGCG-1,0.000051,0.999949
ACTACATCCCGACAAG-1,0.000256,0.999744
ACTACCAGCTCTCTGG-1,0.000032,0.999968
ACTATATGCTGTGTTC-1,0.000049,0.999951
ACTATTCGTCCGTGGT-1,0.000441,0.999559
ACTCAACGAATGTATT-1,0.000063,0.999937
ACTCAAGTGCAAGGCT-1,0.000087,0.999913
ACTCAATAAAGGCACG-1,0.000017,0.999983
ACTCAGACCTGCTTCT-1,0.000055,0.999945
ACTCATGGCAGCCTTC-1,0.000064,0.999936
ACTCCCATTCCTAAAG-1,0.000018,0.999982
ACTCCCGAATTCGTTT-1,0.000021,0.999979
ACTCCCTAATGCTAAA-1,0.000032,0.999968
ACTCCCTAGAATAGTA-1,0.000031,0.999969
ACTCGATGTATTTCAT-1,0.00051,0.99949
ACTCGTAACCCGTCCT-1,0.000309,0.999691
ACTCGTCAGTAATCCC-1,0.000018,0.999982
ACTCTCTGACTTAGGT-1,0.000005,0.999995
ACTCTCTTATACACGA-1,0.000119,0.999881
ACTCTTGTATAGTAAC-1,0.000038,0.999962
ACTGAATGGCGAAAGT-1,0.00002,0.99998
ACTGCCGTCGTAACTC-1,0.000725,0.999275
ACTGCTCGGAAGGATG-1,0.000013,0.999987
ACTGGCGAACCTGCGT-1,0.000025,0.999975
ACTGTACGATACACAT-1,0.000017,0.999983
ACTGTAGCACTTTGGA-1,0.000039,0.999961
ACTGTATACGCGAGCA-1,0.00008,0.99992
ACTGTCTTCTTTAGAA-1,0.000016,0.999984
ACTGTGCTAGTAGATC-1,0.000198,0.999802
ACTTACCGGGCGCGCA-1,0.000042,0.999958
ACTTAGTACGACAAGA-1,0.00006,0.99994
ACTTATACTTACCCGG-1,0.000039,0.999961
ACTTATTTATGTGCCA-1,0.000022,0.999978
ACTTCAGGCTGATCCC-1,0.000461,0.999539
ACTTCCATGCGGGACA-1,0.000072,0.999928
ACTTCGCCATACGCAC-1,0.000116,0.999884
ACTTGACTCCCTCTTT-1,0.000012,0.999988
ACTTGTAGTCCCTTCA-1,0.000023,0.999977
ACTTTACCCTCATGAA-1,0.000061,0.999939
ACTTTCCTATAGCTTC-1,0.00008,0.99992
ACTTTGACTGCATCCT-1,0.000244,0.999756
ACTTTGGTCGTGCTCC-1,0.000151,0.999849
AGAACCCTCAATTGGG-1,0.000012,0.999988
AGAACGTGGTACATTC-1,0.000105,0.999895
AGAAGAGCGCCGTTCC-1,0.000101,0.999899
AGAAGGTACACTTCAC-1,0.00009,0.99991
AGAAGTGATTCGTGAT-1,0.000053,0.999947
AGAATAAATCTTCAGG-1,0.000043,0.999957
AGAATGCGGGTTCGGA-1,0.000016,0.999984
AGAATTATGGATTCGA-1,0.000042,0.999958
AGAATTGTTTGACATA-1,0.000069,0.999931
AGACAGCTCAGAATCC-1,0.000048,0.999952
AGACCAAACCACACCT-1,0.000015,0.999985
AGACCATGGGATACAA-1,0.000026,0.999974
AGACCCACCGCTGATC-1,0.000036,0.999964
AGACCGGGAAACCCTG-1,0.000038,0.999962
AGACGGGCCGATTTAA-1,0.000052,0.999948
AGAGAACCGTCTAGGA-1,0.000023,0.999977
AGAGATCTCTAAAGCG-1,0.000029,0.999971
AGAGCAGTTATGAGAC-1,0.00011,0.99989
AGAGCGGGCTAATCAT-1,0.000015,0.999985
AGAGCGTACAAGCTCG-1,0.000079,0.999921
AGAGCTACGAAAGCAT-1,0.003846,0.996154
AGAGGGACAATTGTCC-1,0.000039,0.999961
AGAGTTAGAGACCGAT-1,0.00026,0.99974
AGAGTTGCAGGCCTCC-1,0.000027,0.999973
AGATAACTTCAGGGCC-1,0.000016,0.999984
AGATACCGGTGTTCAC-1,0.00003,0.99997
AGATACGACTTCATAT-1,0.000071,0.999929
AGATACTCAAGATCGA-1,0.000012,0.999988
AGATCGTGCATAAGAT-1,0.000024,0.999976
AGATCTCAGGTGTGAT-1,0.000137,0.999863
AGATGAGGGTTGCGAT-1,0.000036,0.999964
AGATGATGGAGTCTGG-1,0.000052,0.999948
AGATGCAAGACGTGCA-1,0.000131,0.999869
AGATGCATCCTGTGTC-1,0.000031,0.999969
AGATGCTATAACGAGC-1,0.000033,0.999967
AGATTCACAACCGATA-1,0.000105,0.999895
AGCAACATATCTTATT-1,0.000028,0.999972
AGCAACCGAAAGTAAT-1,0.000031,0.999969
AGCACCAGTACTCACG-1,0.000052,0.999948
AGCACTACCGGCCTGT-1,0.000024,0.999976
AGCACTACCTCACCAG-1,0.000077,0.999923
AGCACTTAAGGACGCC-1,0.000012,0.999988
AGCAGAAGGAGAAAGA-1,0.000057,0.999943
AGCAGCCAGATGAATA-1,0.0001,0.9999
AGCATCATTTCGAAAG-1,0.000094,0.999906
AGCCACTCCCGTGCTT-1,0.000047,0.999953
AGCCATATAGTATGTG-1,0.000022,0.999978
AGCCCATACATGTAAG-1,0.000003,0.999997
AGCCCTAAGCGAAGTT-1,0.000202,0.999798
AGCCGCAAATTCAAAT-1,0.000031,0.999969
AGCCGCTTGATTAGCG-1,0.000151,0.999849
AGCCGTGGCTAAATGT-1,0.000008,0.999992
AGCCTAATACCCACGT-1,0.000057,0.999943
AGCCTTAAAGCGGAAG-1,0.000016,0.999984
AGCGACATCCCATTCA-1,0.000033,0.999967
AGCGCGGGTGCCAATG-1,0.000015,0.999985
AGCGCTTATGGGCAAG-1,0.00006,0.99994
AGCGGACACTTCGTAG-1,0.000026,0.999974
AGCGGCGGTTAGCGGT-1,0.000082,0.999918
AGCGGGAAGGGTCCAT-1,0.000429,0.999571
AGCGGGTCTGACACTC-1,0.000024,0.999976
AGCGTACGAGAGCTAG-1,0.000023,0.999977
AGCGTGGTATTCTACT-1,0.000009,0.999991
AGCTAGAAGCAGAAGT-1,0.000026,0.999974
AGCTATTTAATCCAAC-1,0.000104,0.999896
AGCTCCTTCGCACATC-1,0.000251,0.999749
AGCTCTAGACGTTCCA-1,0.000006,0.999994
AGCTCTTCCCAGTGCA-1,0.00004,0.99996
AGCTGAAGTAAACCAA-1,0.000023,0.999977
AGCTGTAACCTCAATC-1,0.000086,0.999914
AGCTTGATCAGGGTAG-1,0.000198,0.999802
AGCTTGATCTTAACTT-1,0.000006,0.999994
AGGAAAGCCTCTGATG-1,0.0002,0.9998
AGGAAGCTGTCCGCCG-1,0.00002,0.99998
AGGACAGTCGAATCCC-1,0.000023,0.999977
AGGACATCGCACGTCG-1,0.000068,0.999932
AGGACGCTCGATGTTG-1,0.000034,0.999966
AGGACTTATAGGAGAA-1,0.000043,0.999957
AGGATAAAGTCGGGAT-1,0.00004,0.99996
AGGATCACGCGATCTG-1,0.000059,0.999941
AGGCAGATGCGTAAAC-1,0.000017,0.999983
AGGCCACCCGTTATGA-1,0.000029,0.999971
AGGCCCAGTGACTGGT-1,0.000813,0.999187
AGGCCCTAGAACGCCA-1,0.000022,0.999978
AGGCGGTTTGTCCCGC-1,0.000345,0.999655
AGGCTATGGTTAGCTT-1,0.000043,0.999957
AGGCTTAAGTTGCACA-1,0.000073,0.999927
AGGCTTGCTAGACACC-1,0.000054,0.999946
AGGGAAACGAGGTACT-1,0.000256,0.999744
AGGGCGAGCAGCTGAT-1,0.000006,0.999994
AGGGCGTGATCGGCTA-1,0.000026,0.999974
AGGGCTGCAGTTACAG-1,0.000027,0.999973
AGGGTCGATGCGAACT-1,0.00004,0.99996
AGGGTGCTCTCGAGGG-1,0.000048,0.999952
AGGGTTCCCTTTGGTT-1,0.000027,0.999973
AGGGTTTAGTTCGGGA-1,0.000019,0.999981
AGGTAACCTCCTATTC-1,0.000952,0.999048
AGGTACGATATTGCCA-1,0.000613,0.999387
AGGTAGGTACAAAGCT-1,0.000014,0.999986
AGGTATAATTGATAGT-1,0.000069,0.999931
AGGTCAGGTGAGAGTG-1,0.000015,0.999985
AGGTCGCGGAGTTACT-1,0.000034,0.999966
AGGTGTATCGCCATGA-1,0.000009,0.999991
AGGTTCTCCTTTCCGG-1,0.000052,0.999948
AGGTTGAGGCACGCTT-1,0.000132,0.999868
AGGTTTCACACACCTT-1,0.000014,0.999986
AGTAATGTCTTGCCGC-1,0.000012,0.999988
AGTAATTTGCAAGCGT-1,0.000036,0.999964
AGTACCTTCGAGTGCT-1,0.000498,0.999502
AGTACGGCCCGTATCG-1,0.000234,0.999766
AGTACGGGCACCTGGC-1,0.00001,0.99999
AGTACTCTTATGCCCA-1,0.000763,0.999237
AGTAGAAGGCGCCTCA-1,0.000023,0.999977
AGTAGCTAGACGCCGA-1,0.000066,0.999934
AGTAGGAAGGAAGTTG-1,0.000025,0.999975
AGTATAATACTAGGCA-1,0.000029,0.999971
AGTCAAGATGACACTT-1,0.000027,0.999973
AGTCAGCCACCGCCTG-1,0.000062,0.999938
AGTCCCGCCTTTAATT-1,0.000029,0.999971
AGTCGACGGTCTCAAG-1,0.000026,0.999974
AGTCGGCCCAAACGAC-1,0.000018,0.999982
AGTCGGCTCAACTTTA-1,0.000474,0.999526
AGTCGTCGACCACCAA-1,0.000183,0.999817
AGTCGTGGGCATTACG-1,0.000023,0.999977
AGTCTCACAAGACTAC-1,0.000127,0.999873
AGTCTGGACATCCTTG-1,0.00003,0.99997
AGTCTTCTCCTCAAAT-1,0.000102,0.999898
AGTGAGACTTCCAGTA-1,0.000048,0.999952
AGTGAGCCTCGCCGCC-1,0.000025,0.999975
AGTGAGGGTTTCTGAC-1,0.00009,0.99991
AGTGATAACCTGCGCG-1,0.000123,0.999877
AGTGATTCAAGCAGGA-1,0.000038,0.999962
AGTGCTTGCACGAATA-1,0.000017,0.999983
AGTGGCGGCAATTTGA-1,0.00002,0.99998
AGTGGCGTCTGAAGGT-1,0.00009,0.99991
AGTGGCTCCGTCGGCC-1,0.000122,0.999878
AGTGGTGTTACCCGTG-1,0.000035,0.999965
AGTGGTTGCGTATAGG-1,0.000019,0.999981
AGTGTATTGCGCATTG-1,0.000035,0.999965
AGTGTGCTAAGATCGC-1,0.007143,0.992857
AGTGTGGTCTATTGTG-1,0.000031,0.999969
AGTTAAACACTTGCGA-1,0.000033,0.999967
AGTTAAGCGGTCCCGG-1,0.000794,0.999206
AGTTAAGTCAACCGCT-1,0.000097,0.999903
AGTTACCCTTAAGACT-1,0.000122,0.999878
AGTTACTCTATCGTGG-1,0.000045,0.999955
AGTTCACCGGTTGGAC-1,0.000109,0.999891
AGTTCCTATTTATGTT-1,0.000114,0.999886
AGTTCTGCGTTGTATC-1,0.000024,0.999976
AGTTGACATCGGCTGG-1,0.000015,0.999985
AGTTGACGGTCCTTGC-1,0.00002,0.99998
AGTTGCGGTCCTCAAC-1,0.000034,0.999966
AGTTGCTGACTGATAT-1,0.000029,0.999971
AGTTTCGCAGGTCGGA-1,0.000024,0.999976
AGTTTGGCCAGACCTA-1,0.000011,0.999989
ATAAACGGACCCGTAA-1,0.00001,0.99999
ATAAATATTAGCAGCT-1,0.00001,0.99999
ATAACGCCGGAGGGTC-1,0.000024,0.999976
ATAACGGAGTCCAACG-1,0.000185,0.999815
ATAACGTTACCTCCAC-1,0.000068,0.999932
ATAAGCAAACACCGAG-1,0.000023,0.999977
ATAAGGTGGAGAACAT-1,0.000043,0.999957
ATAAGTACCCGATTGT-1,0.000426,0.999574
ATAAGTAGGATTCAGA-1,0.000054,0.999946
ATAAGTAGGGCGACTC-1,0.000039,0.999961
ATAATACCGTTAGCCG-1,0.000038,0.999962
ATAATAGCTGTTGAAT-1,0.000015,0.999985
ATAATAGTGTAGGGAC-1,0.000039,0.999961
ATAATTAGCTAAGTAG-1,0.000009,0.999991
ATACCACGGGCAACTT-1,0.000004,0.999996
ATACCTAACCAAGAAA-1,0.000018,0.999982
ATACGCCGGCGAAACC-1,0.00001,0.99999
ATACGGAACGTCGTTT-1,0.000063,0.999937
ATACGGGTTTCGATTG-1,0.000006,0.999994
ATACGTACTTAGCCAC-1,0.000066,0.999934
ATACGTCCACTCCTGT-1,0.00006,0.99994
ATACGTTATGCACGGA-1,0.00002,0.99998
ATACTAGCATGACCCT-1,0.000043,0.999957
ATACTCTCGCCACTCT-1,0.000042,0.999958
ATACTGCCTTACACCG-1,0.000943,0.999057
ATAGACAACGGGACCT-1,0.000021,0.999979
ATAGAGTTATCAACTT-1,0.000054,0.999946
ATAGCCTCAGTACCCA-1,0.000031,0.999969
ATAGCTGCTCTTGTTA-1,0.003333,0.996667
ATAGGAATCTAAGCTT-1,0.000069,0.999931
ATAGGCGGCTATAGAA-1,0.000022,0.999978
ATAGGCTAGCTTCGCA-1,0.000034,0.999966
ATAGGGATATCCTTGA-1,0.000189,0.999811
ATAGGTTGGGCAGATG-1,0.000008,0.999992
ATAGTTCCACCCACTC-1,0.000072,0.999928
ATATAAAGCGCTCGTG-1,0.000069,0.999931
ATATAAATGTAGCTGC-1,0.000113,0.999887
ATATAGAGTATTGGTC-1,0.000064,0.999936
ATATCAACCTACAGAG-1,0.000047,0.999953
ATATCAATTCCAGCCT-1,0.00007,0.99993
ATATCTCCCTCGTTAA-1,0.000039,0.999961
ATATCTTAGGGCCTTC-1,0.000035,0.999965
ATATGTCTAGAGCGTG-1,0.000021,0.999979
ATATGTCTCCCTAGCC-1,0.000035,0.999965
ATATGTGCACAAACCA-1,0.000013,0.999987
ATATTATCCCGTATTT-1,0.000154,0.999846
ATATTCAGTTAAACCT-1,0.000052,0.999948
ATATTCCACATAGTGA-1,0.000278,0.999722
ATATTCCCACAGGTCA-1,0.000139,0.999861
ATATTGCTGTCAAAGT-1,0.000058,0.999942
ATCAAACGAAGGTTTG-1,0.000048,0.999952
ATCAAAGAGCCGTGGT-1,0.000063,0.999937
ATCAATCTGGGCTGCA-1,0.00003,0.99997
ATCAATGCCGTGGCTG-1,0.000427,0.999573
ATCACATTAGAATATC-1,0.000095,0.999905
ATCACGTGCTAATTAA-1,0.000032,0.999968
ATCACTTCATCCTCGC-1,0.000241,0.999759
ATCAGCCTCATGCTGC-1,0.000641,0.999359
ATCAGCTCGTCCACTA-1,0.000026,0.999974
ATCAGGTCGCCATTGC-1,0.000045,0.999955
ATCAGTAGGCAGGGAT-1,0.000017,0.999983
ATCATCCAATATTTGT-1,0.000049,0.999951
ATCCAACGCAGTCATA-1,0.00002,0.99998
ATCCAATGGAGGGTCC-1,0.000007,0.999993
ATCCAATGGTACCGAA-1,0.000025,0.999975
ATCCACTTTCAGACTA-1,0.000042,0.999958
ATCCCATCCACAGCGC-1,0.000265,0.999735
ATCCTGAATCGCTGCG-1,0.000013,0.999987
ATCGACCCAATACAGA-1,0.000012,0.999988
ATCGACTCTTTCCGTT-1,0.000068,0.999932
ATCGCACGATTGTTCA-1,0.000082,0.999918
ATCGCACGCCGGGAGA-1,0.000092,0.999908
ATCGGAGACAGACGGC-1,0.00006,0.99994
ATCGGCAAGCAGTCCA-1,0.000015,0.999985
ATCGGTTACCTAGTAA-1,0.000052,0.999948
ATCGTATTCCGAGAAC-1,0.000038,0.999962
ATCGTCCAATCGAGTC-1,0.005,0.995
ATCGTTCACTTTCGCC-1,0.000065,0.999935
ATCTAACGTCCCTATG-1,0.000291,0.999709
ATCTAATATCCTACGG-1,0.0001,0.9999
ATCTAGCTTGTGAGGG-1,0.000074,0.999926
ATCTCCCTGCAATCTA-1,0.000472,0.999528
ATCTGATAGTGTCTTA-1,0.014286,0.985714
ATCTGCACCTCTGCGA-1,0.000026,0.999974
ATCTGGGCTGTTCTTG-1,0.000043,0.999957
ATCTGGTTAAGACTGT-1,0.000069,0.999931
ATCTGTAATTGTACCC-1,0.000201,0.999799
ATCTTAGGGCATTAAT-1,0.000086,0.999914
ATGAAGTGGACCCAGC-1,0.000028,0.999972
ATGACGCCGGCTCTAA-1,0.000031,0.999969
ATGACGCGTTCTATCC-1,0.000093,0.999907
ATGACTATGCGACATT-1,0.000025,0.999975
ATGAGGAGTGTTAATC-1,0.000029,0.999971
ATGCACCTTCCTTAAT-1,0.001961,0.998039
ATGCACGCGCTGTTCA-1,0.000023,0.999977
ATGCATGATCCAGGAT-1,0.000036,0.999964
ATGCCATTTGCGACCA-1,0.000069,0.999931
ATGCCGGTCTTGCATA-1,0.000026,0.999974
ATGCCGGTTGATGGGA-1,0.00002,0.99998
ATGCGACAATTGGTCC-1,0.000017,0.999983
ATGCGACAGTCCCATT-1,0.000041,0.999959
ATGCTCAGTGTTGCAT-1,0.000058,0.999942
ATGGAAATTTAAGGAG-1,0.000017,0.999983
ATGGAGCAGGCCGTGA-1,0.000033,0.999967
ATGGATCCGGCGTCCG-1,0.000463,0.999537
ATGGATTGACCAAACG-1,0.000067,0.999933
ATGGCAGCATTACGAT-1,0.000106,0.999894
ATGGCAGCCGAGAAAC-1,0.00005,0.99995
ATGGCTGGAAATGGCC-1,0.000304,0.999696
ATGGGCCTCGGCCTCT-1,0.000034,0.999966
ATGGTATTGGGAACCG-1,0.000019,0.999981
ATGGTATTTACTGATT-1,0.00002,0.99998
ATGGTCGCGTGGTTTC-1,0.000024,0.999976
ATGGTTACGAAACATG-1,0.000057,0.999943
ATGTACGATGACGTCG-1,0.000021,0.999979
ATGTAGCGCGCGTAGG-1,0.000083,0.999917
ATGTCATAATAAACGA-1,0.000117,0.999883
ATGTCATTTCCCATTG-1,0.000196,0.999804
ATGTGAAAGCCTAATG-1,0.000329,0.999671
ATGTGCATCCGACGCA-1,0.000137,0.999863
ATGTGGACATCTTGAT-1,0.000041,0.999959
ATGTTACGAGCAATAC-1,0.000018,0.999982
ATGTTCCTGCCCACCT-1,0.000193,0.999807
ATGTTCGTCGACCCAC-1,0.000039,0.999961
ATTAAACATGCGGACC-1,0.00007,0.99993
ATTAATACTACGCGGG-1,0.000148,0.999852
ATTAATGAACCAGTCG-1,0.00001,0.99999
ATTAATTCGGTCACTC-1,0.000405,0.999595
ATTACAACTACCGGCC-1,0.000074,0.999926
ATTACGCGCTGGCAGG-1,0.000005,0.999995
ATTACTAGCCTCTTGC-1,0.000041,0.999959
ATTACTTACTGGGCAT-1,0.000048,0.999952
ATTAGATTCCTCAGCA-1,0.000112,0.999888
ATTAGGCGATGCTTTC-1,0.000009,0.999991
ATTATACTTTGCTCGT-1,0.00016,0.99984
ATTATGAGACCCAATT-1,0.00004,0.99996
ATTCAAAGTACCTGTT-1,0.007692,0.992308
ATTCACTGATGTTGGA-1,0.000036,0.999964
ATTCAGGACCTATTTC-1,0.000017,0.999983
ATTCAGTAGCAGGGTC-1,0.000032,0.999968
ATTCATATACTGTCCA-1,0.000011,0.999989
ATTCCCACATAAACAA-1,0.00002,0.99998
ATTCCTCCGCCAGTGC-1,0.000021,0.999979
ATTCCTTCCAGGCGGT-1,0.00009,0.99991
ATTCGACGCCGGGCCT-1,0.000007,0.999993
ATTCGCAGAGGACACT-1,0.000022,0.999978
ATTCTTCGTACTTATG-1,0.000135,0.999865
ATTGATAGCAACGAGA-1,0.000036,0.999964
ATTGATCACCACATTT-1,0.000025,0.999975
ATTGATGAGTCCTAAC-1,0.000015,0.999985
ATTGCTGCTCCTCCAT-1,0.000016,0.999984
ATTGGGAGTTCTGTAA-1,0.000167,0.999833
ATTGGTAGGATCCGCT-1,0.000026,0.999974
ATTGTACAACTCGGCT-1,0.000028,0.999972
ATTGTCGCAATACCTT-1,0.000168,0.999832
ATTGTGACTTCGCTGC-1,0.000035,0.999965
ATTTACAGTTTACTGG-1,0.000033,0.999967
ATTTCATTATTTCGCG-1,0.000111,0.999889
ATTTGCGCGAGTAGCT-1,0.000127,0.999873
ATTTGTCTTGGGAGCT-1,0.00004,0.99996
ATTTGTTCCAGGGCTC-1,0.000369,0.999631
CAAACCCTCCGGCGGG-1,0.00004,0.99996
CAAACGGTCGCACTTT-1,0.000019,0.999981
CAAACTACGATAGAGA-1,0.000055,0.999945
CAAACTATTGAGCTTC-1,0.000813,0.999187
CAAAGTCAGGTTAGCT-1,0.0125,0.9875
CAAATCTCTCACAAGG-1,0.000006,0.999994
CAAATTGTCAGCAAGC-1,0.00084,0.99916
CAACATGGCCTGATAA-1,0.000909,0.999091
CAACCGCACCTAGACA-1,0.00003,0.99997
CAACGGTTCTTGATAC-1,0.000037,0.999963
CAACTATATCGAATGC-1,0.001163,0.998837
CAACTCCGTAACTTGC-1,0.000064,0.999936
CAACTCCTTGATCCCG-1,0.000035,0.999965
CAACTGAGGGTATGAC-1,0.000013,0.999987
CAACTTGTAGTGGGCA-1,0.000066,0.999934
CAAGAAACCCTAAACT-1,0.000029,0.999971
CAAGAGGGCGGAGTAC-1,0.000032,0.999968
CAAGATATTATAACGT-1,0.000036,0.999964
CAAGCAACGTCGGAGT-1,0.000024,0.999976
CAAGCACCAAATGCCT-1,0.000119,0.999881
CAAGGATCGCATGTTC-1,0.000019,0.999981
CAAGTGTGGTTGCAAA-1,0.000029,0.999971
CAATAAACCTTGGCCC-1,0.000126,0.999874
CAATACGCTCTGAGGC-1,0.00024,0.99976
CAATATGTAGATTTAC-1,0.000034,0.999966
CAATATTGGACTAGTG-1,0.000015,0.999985
CAATCCCTATACCAGC-1,0.00068,0.99932
CAATCCTGCCGTGGAG-1,0.000054,0.999946
CAATGCGAGAAGTATC-1,0.00042,0.99958
CAATGGAATCTACATA-1,0.00082,0.99918
CAATGGATCTCTACCA-1,0.000037,0.999963
CAATTAAGGGTGATGA-1,0.000042,0.999958
CAATTTCGTATAAGGG-1,0.000012,0.999988
CAATTTGACCGGGAAG-1,0.00069,0.99931
CACAAGAAAGATATTA-1,0.000042,0.999958
CACAAGCTAAGAAAGG-1,0.00009,0.99991
CACACAGGGATAGATT-1,0.00004,0.99996
CACACGCGCTGTCTTA-1,0.000029,0.999971
CACACTTGTATTGCGA-1,0.000106,0.999894
CACAGAGACGAGGACG-1,0.00005,0.99995
CACAGCACCCACGGCA-1,0.000039,0.999961
CACAGCTAGGGAGTGA-1,0.000024,0.999976
CACAGGGCCGTTGTCA-1,0.000019,0.999981
CACATATTAGCAGGAT-1,0.00008,0.99992
CACATGATTCAGCAAC-1,0.00002,0.99998
CACATGTTTGGACATG-1,0.000046,0.999954
CACATTCTTTCGATGG-1,0.000036,0.999964
CACCACGCCACACAGA-1,0.00002,0.99998
CACCAGTCAGCATGCA-1,0.000352,0.999648
CACCATCGGAGGAGAC-1,0.000155,0.999845
CACCATGATCGCAAAG-1,0.000029,0.999971
CACCCAAATCTTATGT-1,0.000034,0.999966
CACCCACACGTCACCC-1,0.000036,0.999964
CACCCACGAGGCAATT-1,0.000028,0.999972
CACCCTAACAAGATCT-1,0.000066,0.999934
CACCCTTGGTGAGACC-1,0.000096,0.999904
CACCCTTTCCTCGCTC-1,0.000847,0.999153
CACCGATACACCGAGC-1,0.000085,0.999915
CACCGCCAGAAGGTTT-1,0.000048,0.999952
CACCGCCGACCAGCGA-1,0.000152,0.999848
CACCGGTAGAGACATT-1,0.000242,0.999758
CACCGTTGCGCGATAT-1,0.000022,0.999978
CACCTAATAGAGTCGT-1,0.000027,0.999973
CACCTAATCAGTTTAC-1,0.000056,0.999944
CACCTCGATGGTGGAC-1,0.000138,0.999862
CACCTTGCGAAACTCG-1,0.000018,0.999982
CACGAAAGTTAGTCCC-1,0.000019,0.999981
CACGACGTAATAGTAA-1,0.000329,0.999671
CACGCACAGCGCAGCT-1,0.000252,0.999748
CACGCAGCGAGGCTTT-1,0.00002,0.99998
CACGTCGGCAACCTCT-1,0.000088,0.999912
CACGTCTATGATGTGG-1,0.000075,0.999925
CACGTTCGTGCTCTAG-1,0.000019,0.999981
CACGTTTCGTACACAC-1,0.000265,0.999735
CACTCAGCTCTTGAGG-1,0.000213,0.999787
CACTCCTCTCGGTCGG-1,0.00005,0.99995
CACTCGAGCTGAACAA-1,0.000029,0.999971
CACTCGGTTAGGAGGA-1,0.000617,0.999383
CACTGTCCAAGTGAGA-1,0.000036,0.999964
CACTTCGCCACAGGCT-1,0.000031,0.999969
CACTTCGTCTTATCTC-1,0.000935,0.999065
CAGAACTTAGCCCTCT-1,0.001316,0.998684
CAGACCTGTAAGTGTT-1,0.000015,0.999985
CAGAGCATGAGCTTGC-1,0.000085,0.999915
CAGAGTGATTTAACGT-1,0.000155,0.999845
CAGATCCTGGTTTGAA-1,0.000263,0.999737
CAGCAGCCCGTTCCTT-1,0.000053,0.999947
CAGCCGGGCCCTCTAT-1,0.000072,0.999928
CAGCCTCCTGCAGAGG-1,0.000065,0.999935
CAGCCTCTCCTCAAGA-1,0.000035,0.999965
CAGCGCCAACACGATA-1,0.000032,0.999968
CAGCTCACTGAGACAT-1,0.000066,0.999934
CAGCTCGACAAGTTAA-1,0.00002,0.99998
CAGCTCGTGCTTGTGT-1,0.000481,0.999519
CAGCTGGCGTAACCGT-1,0.000248,0.999752
CAGCTTAGTAGGTAGC-1,0.000019,0.999981
CAGGAAGACTTTATAT-1,0.000141,0.999859
CAGGATATATCGTTGT-1,0.000035,0.999965
CAGGCCGTTTGGGTGT-1,0.000033,0.999967
CAGGCGCCATGCTAGG-1,0.000012,0.999988
CAGGTTTAGTACTACA-1,0.000021,0.999979
CAGTAACTATTTATTG-1,0.000036,0.999964
CAGTAATCCCTCCCAG-1,0.000041,0.999959
CAGTACATTCTCTAAA-1,0.00002,0.99998
CAGTACCAGTTTACGT-1,0.000031,0.999969
CAGTAGCCCACGCGGT-1,0.000027,0.999973
CAGTCCAACGCCTTCT-1,0.000025,0.999975
CAGTCGAGGATGCAAT-1,0.000039,0.999961
CAGTCTGTATACTGGG-1,0.000031,0.999969
CAGTGAATAAATGACT-1,0.000033,0.999967
CAGTGGTTGCACATGA-1,0.000074,0.999926
CAGTGTCCGCAGAATG-1,0.000158,0.999842
CAGTGTCGGCTGGCCC-1,0.000153,0.999847
CAGTTCCGCGGGTCGA-1,0.00001,0.99999
CATAACGGACAGTCGT-1,0.000018,0.999982
CATAAGCTCTCCGTCT-1,0.000006,0.999994
CATACAAAGCCGAACC-1,0.000021,0.999979
CATACCCGTACCCAGT-1,0.000007,0.999993
CATACGGCGTCTGGGC-1,0.000018,0.999982
CATAGCCGCCCGGGAT-1,0.000024,0.999976
CATAGTACATTGAGAG-1,0.000228,0.999772
CATAGTAGCATAGTAG-1,0.000051,0.999949
CATAGTCCACAAGAAC-1,0.000027,0.999973
CATATACTACTGATAA-1,0.00002,0.99998
CATATGTCAGGCTACG-1,0.000474,0.999526
CATATTATTTGCCCTA-1,0.000091,0.999909
CATCAACACCTACTAA-1,0.000041,0.999959
CATCATCTACCCGGAC-1,0.000171,0.999829
CATCATTACCCTGAGG-1,0.000071,0.999929
CATCCAATATAGTTTG-1,0.000055,0.999945
CATCCGCAGGCCCGAA-1,0.000266,0.999734
CATCCTCTCAAAGATC-1,0.000094,0.999906
CATCGCCCGCGGCCAA-1,0.000084,0.999916
CATCGGACGGGTTAAT-1,0.000176,0.999824
CATCTACCCGAGAACG-1,0.000029,0.999971
CATCTATCCCGTGTCT-1,0.000028,0.999972
CATCTGCAGGATCATT-1,0.00007,0.99993
CATCTTACACCACCTC-1,0.000063,0.999937
CATGAACCGACATTTG-1,0.000476,0.999524
CATGATGCACAATTCT-1,0.00006,0.99994
CATGCCAACTCGCAAA-1,0.000089,0.999911
CATGCGACCAGTTTAA-1,0.000024,0.999976
CATGCGTTAGACAGAA-1,0.000016,0.999984
CATGCTGGCTCCAATT-1,0.000017,0.999983
CATGGAAATGGGACCA-1,0.000488,0.999512
CATGGCAGGAAGATCG-1,0.000251,0.999749
CATGGGTATGCCTTAT-1,0.000417,0.999583
CATGGGTCGGGTGTGG-1,0.00003,0.99997
CATGGTAAGTAGCGTT-1,0.000005,0.999995
CATGGTATTAGTTTGT-1,0.000154,0.999846
CATGGTCTAGATACCG-1,0.000075,0.999925
CATGTAAGAGACATTT-1,0.000775,0.999225
CATGTCTCATTTATGG-1,0.000019,0.999981
CATTACGTCGGCCCGT-1,0.000056,0.999944
CATTCCCTAAGTACAA-1,0.0001,0.9999
CATTGCGAAATGGGCG-1,0.000067,0.999933
CATTGTGTGCTAGATC-1,0.000198,0.999802
CATTTAGCGGACCATG-1,0.00004,0.99996
CATTTCTAGCAGACTA-1,0.000061,0.999939
CCAAAGCAGTTGGTTG-1,0.000469,0.999531
CCAACGATGCACTGAT-1,0.000016,0.999984
CCAACGCTTGCCAGGG-1,0.00004,0.99996
CCAAGACTTCTGCGAA-1,0.000027,0.999973
CCAAGCGTAACTCGTA-1,0.000026,0.999974
CCAAGGAACAGAGAGG-1,0.000142,0.999858
CCAAGTTTCTACAGAT-1,0.000069,0.999931
CCAATAGTGCCGTCGA-1,0.000031,0.999969
CCAATCGGTAGATCGA-1,0.00017,0.99983
CCAATTACGGGTCGAG-1,0.000059,0.999941
CCAATTGAATGTTAAT-1,0.000105,0.999895
CCACAATGTACGTCTT-1,0.000016,0.999984
CCACAGCTGAAATCAT-1,0.000087,0.999913
CCACAGTACCCATCCT-1,0.000029,0.999971
CCACATGGCTCTTTAT-1,0.000125,0.999875
CCACCCAAGGAAAGTG-1,0.000006,0.999994
CCACGAGAAGAGAATC-1,0.001333,0.998667
CCACGGAGCCATAAGA-1,0.000039,0.999961
CCACGGTGCCCGGTAG-1,0.000035,0.999965
CCACTGGTGGCTGGTT-1,0.000031,0.999969
CCAGAGACAAAGCCGG-1,0.000031,0.999969
CCAGATAGTTGAGTGA-1,0.000032,0.999968
CCAGCCTGGACCAATA-1,0.000009,0.999991
CCAGCTACGCCTCATA-1,0.000137,0.999863
CCAGCTCGAACGCATT-1,0.000009,0.999991
CCAGCTGATGGTACTT-1,0.000022,0.999978
CCAGCTTCCGCCCGCA-1,0.000049,0.999951
CCAGTAGTCTGATCCA-1,0.000041,0.999959
CCAGTCAAATCTCTTA-1,0.000017,0.999983
CCAGTCCATTATTCGA-1,0.000034,0.999966
CCAGTCTAGACGGCGC-1,0.000027,0.999973
CCAGTCTTGTCATAGA-1,0.000041,0.999959
CCATAAACAACCCGAC-1,0.0008,0.9992
CCATAACCTGTGCAGT-1,0.000057,0.999943
CCATACCTTTACTTGT-1,0.000032,0.999968
CCATAGGTTGGCGTGG-1,0.000047,0.999953
CCATAGTCAGTAACCC-1,0.000058,0.999942
CCATATTGGATCATGA-1,0.002778,0.997222
CCATCCATACCAAGTC-1,0.000212,0.999788
CCATCGCAGTTAAACT-1,0.000016,0.999984
CCATCTCACCAGTGAA-1,0.000047,0.999953
CCATCTTGTTCACAAT-1,0.000071,0.999929
CCATGCTCTGCAGGAA-1,0.000027,0.999973
CCATGGCCCTTGTACC-1,0.000016,0.999984
CCATTAGCGATAATCC-1,0.000025,0.999975
CCATTCCCTGCCCACA-1,0.000029,0.999971
CCCAAACATGCTGCTC-1,0.000035,0.999965
CCCAACATACGTCGCG-1,0.000029,0.999971
CCCAATTTCACAACTT-1,0.000016,0.999984
CCCAGAGGAGGGCGTA-1,0.0001,0.9999
CCCAGGAAGAATTCGA-1,0.000038,0.999962
CCCAGTAAACTTGGGA-1,0.000012,0.999988
CCCAGTTAAGGCGCCG-1,0.000021,0.999979
CCCGAAGTTTCGCGAA-1,0.000038,0.999962
CCCGACCATAGTCCGC-1,0.000149,0.999851
CCCGCAGCGCGAACTA-1,0.000019,0.999981
CCCGCAGGGCCCAAAG-1,0.000154,0.999846
CCCGCCATGCTCCCGT-1,0.000041,0.999959
CCCGCGCAATGCACCC-1,0.000028,0.999972
CCCGGCTAGGTGAGAA-1,0.000099,0.999901
CCCGGTGGAAGAACCT-1,0.000027,0.999973
CCCGGTGTATCGGAAT-1,0.000229,0.999771
CCCGTAAGTCTAGGCC-1,0.000008,0.999992
CCCGTGGGTTAATTGA-1,0.000051,0.999949
CCCTAGTGTCAGGTGT-1,0.000118,0.999882
CCCTATGTAGAGCAGA-1,0.000079,0.999921
CCCTCAAGCTCTTAGT-1,0.000331,0.999669
CCCTCATTCTGGAATT-1,0.000063,0.999937
CCCTGAAATGAGTTGA-1,0.000017,0.999983
CCCTGACTAACAAATT-1,0.0001,0.9999
CCCTGATGTAACTCGT-1,0.000024,0.999976
CCCTGCCCAATCCGCT-1,0.000013,0.999987
CCCTGCGCTACGCATA-1,0.000006,0.999994
CCCTGGCTGTTCCTTC-1,0.00005,0.99995
CCCTGTTGGCAAAGAC-1,0.000265,0.999735
CCGAAAGTGGTGAGCA-1,0.000048,0.999952
CCGAACACTGGGCCTC-1,0.000035,0.999965
CCGAACCTTCCCGGCC-1,0.000036,0.999964
CCGAAGTATATTGTTC-1,0.000061,0.999939
CCGACAAACACATGAG-1,0.02,0.98
CCGACAAAGGGAGTGC-1,0.00003,0.99997
CCGACGGGCATGAGGT-1,0.000775,0.999225
CCGACGTAAACACAAC-1,0.000042,0.999958
CCGATCTCAACCTTAT-1,0.000053,0.999947
CCGATCTTAAGAGGCT-1,0.000027,0.999973
CCGATTCGAGGGACCC-1,0.000023,0.999977
CCGCACAAAGACCAAC-1,0.000005,0.999995
CCGCACGTGACCTCGG-1,0.000025,0.999975
CCGCATGTGGTACGAT-1,0.000004,0.999996
CCGCCGGAACTTCTCG-1,0.000053,0.999947
CCGCCTGCGAATTGGT-1,0.000021,0.999979
CCGCCTTGCGATGTCG-1,0.000018,0.999982
CCGCGATTTGGTAGGT-1,0.000054,0.999946
CCGCGGGTACGAAGAA-1,0.000015,0.999985
CCGCGTAGGTAAGGGC-1,0.000182,0.999818
CCGCTATCAGCACCAG-1,0.000019,0.999981
CCGCTCCAGGGCGATC-1,0.000011,0.999989
CCGCTTACCTCACTCT-1,0.000039,0.999961
CCGGAATGGTTTCAGT-1,0.000031,0.999969
CCGGCGTGAGACTCTG-1,0.000014,0.999986
CCGGGCGGTCTCGTCA-1,0.000011,0.999989
CCGGGCTGCTCCATAC-1,0.000035,0.999965
CCGGGTTCGAGGTTAC-1,0.000013,0.999987
CCGGTGCGAGTGATAG-1,0.001471,0.998529
CCGTAAGTTGGTCCCA-1,0.000015,0.999985
CCGTACCCAAGCGCCA-1,0.000104,0.999896
CCGTATCTCGTCGTAG-1,0.000398,0.999602
CCGTCAACCTCTGGCG-1,0.000033,0.999967
CCGTGCCCATGACGGC-1,0.000211,0.999789
CCGTGTTAAATTCCAT-1,0.000153,0.999847
CCGTTACGTTAGAACA-1,0.00003,0.99997
CCGTTCCGAATCTCGG-1,0.000016,0.999984
CCTAAAGGCTGACGCT-1,0.00011,0.99989
CCTAAATTAACGGTTC-1,0.000017,0.999983
CCTAACCCAAACAAGT-1,0.000013,0.999987
CCTAACTAAGGCTCTA-1,0.000026,0.999974
CCTACAAGTCCGGAAT-1,0.000327,0.999673
CCTACATTCACAGACG-1,0.000095,0.999905
CCTACGGCTCAGTCGA-1,0.000015,0.999985
CCTAGGCGTAGCGATC-1,0.000017,0.999983
CCTAGGTAAAGGTAGC-1,0.000022,0.999978
CCTAGTTAGTCGCATG-1,0.000671,0.999329
CCTATAATGAGTGCCC-1,0.000173,0.999827
CCTATATCGTGTCACG-1,0.000016,0.999984
CCTATCTATATCGGAA-1,0.001,0.999
CCTATGGGTTACCGTC-1,0.000012,0.999988
CCTATGGTCAAAGCTG-1,0.000092,0.999908
CCTCACCAATCTTGAC-1,0.000045,0.999955
CCTCACCTGAGGGAGC-1,0.000036,0.999964
CCTCACCTTAGCATCG-1,0.000034,0.999966
CCTCATGCAGCTACGA-1,0.000356,0.999644
CCTCCGACAATTCAAG-1,0.000019,0.999981
CCTCCTAGCTAGAGTC-1,0.000028,0.999972
CCTCCTGAGCCCACAT-1,0.00006,0.99994
CCTCGAAGTGGACGGG-1,0.000309,0.999691
CCTCGCCAGCAAATTA-1,0.000257,0.999743
CCTCGCGCGATATAGG-1,0.000024,0.999976
CCTCGCGCTGTGCGAT-1,0.000071,0.999929
CCTCGGACCGGGATAG-1,0.000022,0.999978
CCTCGTTACGCCTGTT-1,0.000064,0.999936
CCTCTAATCTGCCAAG-1,0.000154,0.999846
CCTCTATCGATTAGCA-1,0.000204,0.999796
CCTCTCTCCCATCTAG-1,0.000021,0.999979
CCTCTGGCCTAGACGG-1,0.000417,0.999583
CCTCTGTACTATTCTA-1,0.000026,0.999974
CCTGAACGATATATTC-1,0.000035,0.999965
CCTGAATATTTACATA-1,0.000042,0.999958
CCTGACAAACTCGCGC-1,0.000083,0.999917
CCTGACCACCGATGGT-1,0.000026,0.999974
CCTGCCCGTTGTCTAG-1,0.000103,0.999897
CCTGCGATAGAACTGT-1,0.000019,0.999981
CCTGGCTAGACCCGCC-1,0.000061,0.999939
CCTGGTCGAATGTGGG-1,0.000048,0.999952
CCTGTAAGACATGATA-1,0.000022,0.999978
CCTGTACTCACGCCCA-1,0.000009,0.999991
CCTGTCACCCGGGCTC-1,0.000059,0.999941
CCTGTCGCCCGTAAAT-1,0.000012,0.999988
CCTGTCGTGTATGAAG-1,0.000137,0.999863
CCTGTGAAACCGTAAC-1,0.000047,0.999953
CCTTCGTATAGAATCC-1,0.000025,0.999975
CCTTCTCAGCGTTCCT-1,0.000028,0.999972
CCTTCTTGATCCAGTG-1,0.000325,0.999675
CCTTTCAATGAAGAAA-1,0.000026,0.999974
CCTTTGAATTATGGCT-1,0.000316,0.999684
CGAAACATAGATGGCA-1,0.000625,0.999375
CGAAACGCAATTCATG-1,0.000016,0.999984
CGAACATAGTCAGAAA-1,0.00023,0.99977
CGAACGCCCAGTGCCG-1,0.000023,0.999977
CGAACGGCCGGACAAC-1,0.000016,0.999984
CGAAGACGGTGAGTGC-1,0.000026,0.999974
CGAAGATCAGTTTCAT-1,0.000041,0.999959
CGAAGGGTTTCAGATT-1,0.000062,0.999938
CGAAGTTGCTCTGTGT-1,0.00002,0.99998
CGAATCTGCTCGACGC-1,0.000086,0.999914
CGAATGAAGTCATTGC-1,0.000037,0.999963
CGACACCGCTTAAGGA-1,0.000042,0.999958
CGACAGTTCGCGTTAT-1,0.000019,0.999981
CGACCCTTAACGCCGG-1,0.000017,0.999983
CGACGCATCCGTACCT-1,0.000019,0.999981
CGACTCAGGATGTTAT-1,0.000019,0.999981
CGACTCGGTACACGGT-1,0.000035,0.999965
CGAGACCCTAGAGTGT-1,0.000028,0.999972
CGAGAGATGTGAACCT-1,0.00004,0.99996
CGAGAGCGCGTAGATA-1,0.000028,0.999972
CGAGCACTTCAAGTTT-1,0.000048,0.999952
CGAGCCGAGCACTCGA-1,0.000038,0.999962
CGAGCGTTGATCAGCC-1,0.000055,0.999945
CGAGCTGGGCTTTAGG-1,0.000049,0.999951
CGAGGCCAGGCATTGG-1,0.000023,0.999977
CGAGGCTAAATATGGC-1,0.000147,0.999853
CGAGGGACTGCGGTCG-1,0.000004,0.999996
CGAGGGTATCCAGGTG-1,0.000043,0.999957
CGAGTACTAAAGAGGA-1,0.000021,0.999979
CGAGTGCTATAGTTCG-1,0.000114,0.999886
CGAGTTCTGTCCCACC-1,0.000036,0.999964
CGAGTTTATCGGACTG-1,0.000038,0.999962
CGATAGCGATACAGTG-1,0.000029,0.999971
CGATATTAGCCGCAGG-1,0.000042,0.999958
CGATCATTAGAGGCAC-1,0.000026,0.999974
CGATCGAGAAGCACCA-1,0.000029,0.999971
CGATCTGTTGGAGGAC-1,0.000327,0.999673
CGATGGACCCTACGCC-1,0.000044,0.999956
CGATGTTGTTATCTAC-1,0.000061,0.999939
CGATTAAATATCTCCT-1,0.000011,0.999989
CGCAAACACGAGTTAC-1,0.000023,0.999977
CGCAATTACTTTCGGT-1,0.000028,0.999972
CGCAATTCTACAATAA-1,0.000085,0.999915
CGCACATGTCCACTAC-1,0.000031,0.999969
CGCATCATGGCTTCAG-1,0.000763,0.999237
CGCATGGTGCGATGCT-1,0.000008,0.999992
CGCCAAGAAGCCGAGT-1,0.000008,0.999992
CGCCAATTATTGCGTT-1,0.000137,0.999863
CGCCACAGGTCGCGAT-1,0.000013,0.999987
CGCCATCCGATTATGA-1,0.000026,0.999974
CGCCCGCTTCCGTACA-1,0.000088,0.999912
CGCCCTAATTGTTCAA-1,0.000035,0.999965
CGCCCTTGAAGGCTGA-1,0.000013,0.999987
CGCCGACTATTCGCTA-1,0.000026,0.999974
CGCCGCCCATGCCTGT-1,0.000024,0.999976
CGCCGGTGTCGCAGTA-1,0.000053,0.999947
CGCCTCCCTCCTCTAT-1,0.000007,0.999993
CGCCTGGCCTACGTAA-1,0.000014,0.999986
CGCGACCGCGACAGAT-1,0.000051,0.999949
CGCGAGTCTGCCGGGT-1,0.000274,0.999726
CGCGCAAATGTCCAGA-1,0.000257,0.999743
CGCGCCCGACTTAATA-1,0.00087,0.99913
CGCGGCAGTATTACGG-1,0.000398,0.999602
CGCGGGAATTAGGCAG-1,0.000024,0.999976
CGCTATACCGCCCACT-1,0.000275,0.999725
CGCTATTCAATGTATG-1,0.000033,0.999967
CGCTATTCTTAGGCTC-1,0.000015,0.999985
CGCTCGACATAATGAT-1,0.0001,0.9999
CGCTCTCCGTAGATTA-1,0.000034,0.999966
CGCTTATTCCCGGTCG-1,0.000023,0.999977
CGCTTCCACTGAAATC-1,0.000052,0.999948
CGCTTTCTTGCATTCG-1,0.000043,0.999957
CGGAAAGCAAATGTGC-1,0.005556,0.994444
CGGACGTTACTTGAAG-1,0.000019,0.999981
CGGAGCAATTTAATCG-1,0.000033,0.999967
CGGAGCATGGCGATCC-1,0.00001,0.99999
CGGAGCTTATAACACC-1,0.000052,0.999948
CGGAGTTTGAGAGACA-1,0.000016,0.999984
CGGATAAGCGGACATG-1,0.000012,0.999988
CGGCAAACATCGTGCG-1,0.000052,0.999948
CGGCACCGTTAGCGCC-1,0.000437,0.999563
CGGCACTCAAGAAAGT-1,0.000068,0.999932
CGGCAGGGTCGGGTTG-1,0.000022,0.999978
CGGCCACGCACAAAGT-1,0.000013,0.999987
CGGCTCTTCGTCGAAC-1,0.000165,0.999835
CGGGAACGCCCTGCAT-1,0.000219,0.999781
CGGGAAGTACCGTGGC-1,0.000038,0.999962
CGGGAATTTATGTAAA-1,0.000055,0.999945
CGGGAGCTTCAGTGTA-1,0.000015,0.999985
CGGGAGTATACCGCCG-1,0.000012,0.999988
CGGGATCAATGTAAGA-1,0.000025,0.999975
CGGGCCATAGCCGCAC-1,0.000044,0.999956
CGGGCGATGGATCACG-1,0.000114,0.999886
CGGGTGTACCCATTTA-1,0.000024,0.999976
CGGGTTCGGCACGTAT-1,0.00073,0.99927
CGGTACTAGAATCAAA-1,0.000017,0.999983
CGGTAGAGGTGCAGGT-1,0.000034,0.999966
CGGTCAAGTGGGAACC-1,0.000023,0.999977
CGGTCTATCAACCCGT-1,0.000082,0.999918
CGGTGAAGACTAAAGT-1,0.000012,0.999988
CGGTGCAGATAGAACG-1,0.000028,0.999972
CGGTGGGCTCCAGCCT-1,0.000042,0.999958
CGGTGTACTTGATCCC-1,0.000039,0.999961
CGGTTATCCAACAGTG-1,0.000011,0.999989
CGGTTCAAGTAGGTGT-1,0.000014,0.999986
CGGTTCCGGCTTCTTG-1,0.000741,0.999259
CGGTTGACCTGGCATA-1,0.000016,0.999984
CGGTTGGGTTCAAGTT-1,0.000046,0.999954
CGGTTTATGAAGGAAC-1,0.000119,0.999881
CGTAAACGCTTGAGTG-1,0.00004,0.99996
CGTAATAATTACGAGT-1,0.000136,0.999864
CGTACCGAAAGTCTAG-1,0.02,0.98
CGTACCTGATAGGCCT-1,0.000177,0.999823
CGTAGCGAATTGTCAG-1,0.00069,0.99931
CGTCAATCTTTAACAT-1,0.00041,0.99959
CGTCAGCTATTTACTC-1,0.003226,0.996774
CGTCAGTGCGCACAAG-1,0.000156,0.999844
CGTCATACCATATCCA-1,0.000049,0.999951
CGTCGCGGCGGGATTT-1,0.000704,0.999296
CGTCGGATAGTGTTGA-1,0.000042,0.999958
CGTCGGGTCTAAGCGC-1,0.000079,0.999921
CGTCGTCCTTCGCGAA-1,0.00042,0.99958
CGTCTGGAAGGGCCCG-1,0.000029,0.999971
CGTGACATTGGGTCGT-1,0.000256,0.999744
CGTGCAGACTGGGACA-1,0.00001,0.99999
CGTGCATTGTCGACGC-1,0.000023,0.999977
CGTGCCCTCCCGAAGA-1,0.000005,0.999995
CGTGCTGGCCTAGTCG-1,0.000024,0.999976
CGTGTCCCATTCGCGA-1,0.000042,0.999958
CGTTAATGTCCCGACG-1,0.000129,0.999871
CGTTAGCTCACAACTG-1,0.000066,0.999934
CGTTCAGACCCGCGAA-1,0.000016,0.999984
CGTTCATGGTGCGCGT-1,0.000402,0.999598
CGTTGAATACCGCGCT-1,0.000276,0.999724
CGTTGAGCGACCGTCG-1,0.000006,0.999994
CGTTGTAAACGTCAGG-1,0.000028,0.999972
CGTTGTCGGCAATTGA-1,0.00001,0.99999
CGTTGTTTCAATTCCC-1,0.000037,0.999963
CGTTTAAGCGGAGCAC-1,0.00005,0.99995
CGTTTCACTTCGGGCG-1,0.000041,0.999959
CTAAAGAATGCCTACT-1,0.000022,0.999978
CTAAAGGATGAGATAC-1,0.000036,0.999964
CTAAAGGGAAATAGGA-1,0.000021,0.999979
CTAAATCCTATTCCGG-1,0.000018,0.999982
CTAACCGCGCGCCCGT-1,0.000018,0.999982
CTAACGAAACTTGCTG-1,0.000022,0.999978
CTAAGGGAATGATTGG-1,0.000128,0.999872
CTAAGTACAGGGCTAC-1,0.000063,0.999937
CTAATTATGAAGCGTA-1,0.00002,0.99998
CTAATTCGCACGCGCT-1,0.000027,0.999973
CTAATTCTCAGATATT-1,0.000068,0.999932
CTAATTTCAACAACAC-1,0.000024,0.999976
CTACATATCGCGGGAC-1,0.000029,0.999971
CTACCCTAAGGTCATA-1,0.000036,0.999964
CTACGACTAGCTATAA-1,0.000006,0.999994
CTACGCACGGAGTACC-1,0.000221,0.999779
CTACGCCATTTCCGAT-1,0.000469,0.999531
CTACTATCATAGGTTT-1,0.001149,0.998851
CTACTATCTTTCAGAG-1,0.000024,0.999976
CTACTCTAGGCCCGGC-1,0.000022,0.999978
CTACTGCCACCTGACC-1,0.000029,0.999971
CTAGACATATATGTAG-1,0.00099,0.99901
CTAGACTGCATTTCGT-1,0.000092,0.999908
CTAGATAAACTCCTCG-1,0.000212,0.999788
CTAGATGTGAGTGTAA-1,0.000035,0.999965
CTAGATTTACGACGGC-1,0.000004,0.999996
CTAGCATAGTATAATG-1,0.000074,0.999926
CTAGCCGATGTTATGA-1,0.00002,0.99998
CTAGGCGCCCTATCAG-1,0.000013,0.999987
CTAGGTCTGAAGGAAT-1,0.000042,0.999958
CTAGGTTCGGACGTGA-1,0.000084,0.999916
CTAGTATTCGGAATTA-1,0.000258,0.999742
CTAGTCACGTCTTAAG-1,0.00002,0.99998
CTAGTGAAGGACAGGA-1,0.000022,0.999978
CTAGTTACAACCCGGT-1,0.000286,0.999714
CTAGTTGGGCCCGGTA-1,0.000174,0.999826
CTATAAGAGCCAATCG-1,0.000042,0.999958
CTATCGACGAAATACA-1,0.000065,0.999935
CTATCGGGTCTCAACA-1,0.000026,0.999974
CTATGCCCGAATGCAA-1,0.000098,0.999902
CTATGTCACTAGCCCA-1,0.000047,0.999953
CTATGTGAGTCACGGC-1,0.000023,0.999977
CTATTCATGTGTCCCA-1,0.000016,0.999984
CTATTTGCTTGGAGGA-1,0.000032,0.999968
CTATTTGGTTACGGAT-1,0.000011,0.999989
CTCACATTTACTAAAT-1,0.00016,0.99984
CTCACCAGTACAAGTG-1,0.000021,0.999979
CTCACCGATCCAAACT-1,0.000031,0.999969
CTCACTTGGCTGGTAA-1,0.000007,0.999993
CTCAGAGCTAATGTCG-1,0.000125,0.999875
CTCAGATTGTGATAAG-1,0.000053,0.999947
CTCAGGACTCACCTGT-1,0.000029,0.999971
CTCAGTCACGACAAAT-1,0.000022,0.999978
CTCATGGCTCACAATC-1,0.000062,0.999938
CTCATGGTAATTTGCG-1,0.00028,0.99972
CTCATTCGTGAACATC-1,0.000025,0.999975
CTCATTTGATGGGCGG-1,0.000082,0.999918
CTCCCTCCTTTCGATC-1,0.000057,0.999943
CTCCGCCCACATGAGG-1,0.000043,0.999957
CTCCGGCCTAATATGC-1,0.000018,0.999982
CTCCGGCTTGTAGACA-1,0.000018,0.999982
CTCCTAAGTTATGTCT-1,0.000079,0.999921
CTCGAATGGAACGTAT-1,0.00002,0.99998
CTCGAGACATACGATA-1,0.000014,0.999986
CTCGAGATCCAAAGCA-1,0.001587,0.998413
CTCGAGGTCGAACAGT-1,0.000038,0.999962
CTCGATATTTGCGAGC-1,0.000034,0.999966
CTCGCACCTATATAGT-1,0.000028,0.999972
CTCGCATTGCATAGCC-1,0.000115,0.999885
CTCGCCGAATGTAGGG-1,0.000029,0.999971
CTCGGTACCACTGCTC-1,0.000021,0.999979
CTCGGTTGTCGGCCCT-1,0.000112,0.999888
CTCGTCGAGGGCTCAT-1,0.000091,0.999909
CTCGTTTCTAATGTTT-1,0.000089,0.999911
CTCTACACTGGCGATT-1,0.000007,0.999993
CTCTACATCCTGCGTG-1,0.00006,0.99994
CTCTATTTGGCTGCAG-1,0.000017,0.999983
CTCTCACAATCGATGA-1,0.00009,0.99991
CTCTCGCTGTACTATG-1,0.000047,0.999953
CTCTCTAACTGCCTAG-1,0.000323,0.999677
CTCTGGACGCCTGGTG-1,0.000022,0.999978
CTCTGTTTGAGGATTC-1,0.000239,0.999761
CTCTTGTCCCGCTTGG-1,0.000229,0.999771
CTGAAAGAGATCCGAC-1,0.000089,0.999911
CTGACTGCGCAGCTCG-1,0.000043,0.999957
CTGAGCAAGTAACAAG-1,0.000022,0.999978
CTGATAGTGTATCTCA-1,0.000057,0.999943
CTGCACAACTACATAT-1,0.000193,0.999807
CTGCAGGTGCTCGGCC-1,0.000238,0.999762
CTGCCAAGGTTGGAAG-1,0.000368,0.999632
CTGCCATGCATCACAT-1,0.000019,0.999981
CTGCCCACGAAGCGTT-1,0.000094,0.999906
CTGCCTAGCCACCAAG-1,0.000127,0.999873
CTGCGATTTCGAGATT-1,0.00007,0.99993
CTGCGGGTGAAATGTT-1,0.000086,0.999914
CTGCGGTAGTCACGTG-1,0.00303,0.99697
CTGCGTTACGATATAA-1,0.000199,0.999801
CTGCTCTGACGGCAAA-1,0.000045,0.999955
CTGCTGAGGCCACGAA-1,0.000103,0.999897
CTGCTTGGCGATAGCT-1,0.000042,0.999958
CTGGAAGACACGGTGG-1,0.000032,0.999968
CTGGACGCAGTCCGGC-1,0.000114,0.999886
CTGGCATCCGAATGAG-1,0.000444,0.999556
CTGGCGACATAAGTCC-1,0.000055,0.999945
CTGGCGCACAGGTCTG-1,0.000013,0.999987
CTGGCGGGAATAAGTA-1,0.000045,0.999955
CTGGCTCCTGCGGGAT-1,0.000106,0.999894
CTGGGATAAATAATGG-1,0.000017,0.999983
CTGGGCCTGCTATATC-1,0.000025,0.999975
CTGGGCTATCCTTTGG-1,0.000081,0.999919
CTGGGTAGGCAGTTAA-1,0.000012,0.999988
CTGGGTTGAGTTAAAG-1,0.000018,0.999982
CTGGTAACACATAGAA-1,0.000031,0.999969
CTGGTAACGAGCTCTT-1,0.000036,0.999964
CTGGTGAATGGGCCTA-1,0.000046,0.999954
CTGGTTCAACGCATCA-1,0.000104,0.999896
CTGGTTTCGAGCAAGA-1,0.000023,0.999977
CTGTATGGTGTAGAAA-1,0.00001,0.99999
CTGTCAAATGGCTCGG-1,0.000024,0.999976
CTGTCACGCCAGGCGC-1,0.000055,0.999945
CTGTGCAGGGTAGGTC-1,0.000022,0.999978
CTGTGGTCGGGAGATA-1,0.00082,0.99918
CTGTTACCCAATCTAG-1,0.000065,0.999935
CTGTTCATCTCACGGG-1,0.000005,0.999995
CTGTTGGCTCTTCTGA-1,0.000114,0.999886
CTTAAATAAGACCCAT-1,0.000029,0.999971
CTTAACTTCGAAGTAC-1,0.000182,0.999818
CTTAATCGACTTAGTA-1,0.000045,0.999955
CTTACACTGGGAAATA-1,0.000052,0.999948
CTTAGCCTTCCACATG-1,0.000011,0.999989
CTTAGGTATAGACCAG-1,0.000264,0.999736
CTTAGTAGGCCTACAG-1,0.000047,0.999953
CTTAGTGTAGTAGCAT-1,0.000034,0.999966
CTTATGCGCTCAGGGC-1,0.000529,0.999471
CTTATGTTGACTACCA-1,0.000088,0.999912
CTTCAGTGGTCGCCTA-1,0.000138,0.999862
CTTCATAGCTCAAGAA-1,0.000047,0.999953
CTTCATTGTCAGTGGA-1,0.000012,0.999988
CTTCCTGCATATTTAC-1,0.000054,0.999946
CTTCTATGTTGAAGTA-1,0.000012,0.999988
CTTCTTACGTCGTATA-1,0.000096,0.999904
CTTGAGGTTATCCCGA-1,0.000095,0.999905
CTTGAGTTAGGGTAAT-1,0.000038,0.999962
CTTGCAACCGCCTCCT-1,0.000005,0.999995
CTTGTCAACATTCGAG-1,0.000023,0.999977
CTTGTGAGGACAGCGG-1,0.02,0.98
CTTGTGAGTCTTTGAC-1,0.000244,0.999756
CTTGTGCTCACCGATT-1,0.000014,0.999986
CTTGTTGCTGAGTCAA-1,0.00001,0.99999
CTTGTTTATGTAGCCA-1,0.000019,0.999981
CTTTAACTTTCAAAGG-1,0.000161,0.999839
CTTTAATATTGGTCGA-1,0.00004,0.99996
CTTTACCGAATAGTAG-1,0.000029,0.999971
CTTTAGGAACACTGTT-1,0.00002,0.99998
CTTTAGTGCTATTATT-1,0.000028,0.999972
CTTTCTGTGCGGGCTT-1,0.000102,0.999898
CTTTGGCGCTTTATAC-1,0.000036,0.999964
CTTTGGCTTTAGTAAA-1,0.00002,0.99998
CTTTGTCGAATGCTCC-1,0.000033,0.999967
GAAACAGATGACCACC-1,0.000013,0.999987
GAAACAGCCATGCAGT-1,0.000099,0.999901
GAAACATAGGAAACAG-1,0.000159,0.999841
GAAACTCGTGCGATGC-1,0.000026,0.999974
GAAACTCTAATGAAGG-1,0.000463,0.999537
GAAAGAACAGCGTTAT-1,0.000037,0.999963
GAAAGCCCTTTGGACC-1,0.000015,0.999985
GAAAGTGACTAACTGC-1,0.000036,0.999964
GAAATACTAAACGTTT-1,0.000026,0.999974
GAAATATCACCATCAG-1,0.000011,0.999989
GAAATCGCGCGCAACT-1,0.000154,0.999846
GAAATCTGACCAAGTT-1,0.000045,0.999955
GAAATGGGATGTAAAC-1,0.000042,0.999958
GAAATTAGCACGGATA-1,0.000027,0.999973
GAACATTAGTATGTTA-1,0.00012,0.99988
GAACCCTCTGTGTTCT-1,0.00007,0.99993
GAACCTCGACCTACAC-1,0.000036,0.999964
GAACGACCGAATGATA-1,0.000035,0.999965
GAACGTCTCATGGTCG-1,0.000028,0.999972
GAACGTTAGGAAGACG-1,0.000047,0.999953
GAACTGTGGAGAGACA-1,0.000013,0.999987
GAACTTAGCGCCCGGT-1,0.000093,0.999907
GAAGAACGGTGCAGGT-1,0.00007,0.99993
GAAGCCACTGATTATG-1,0.000033,0.999967
GAAGCCGGGTAAGCTC-1,0.000037,0.999963
GAAGCCTGCACATTCC-1,0.000012,0.999988
GAAGCGTGAGGAATTT-1,0.000019,0.999981
GAAGCTCGGACCCGTC-1,0.000056,0.999944
GAAGCTCTTTGCTTAG-1,0.000068,0.999932
GAAGCTTGCTGACCGC-1,0.000031,0.999969
GAAGGACTAAATTGAA-1,0.000039,0.999961
GAAGGAGTCGAGTGCG-1,0.000206,0.999794
GAAGGGCATAACCATG-1,0.000389,0.999611
GAAGTCAGTTGCACTA-1,0.00012,0.99988
GAAGTCTCCCTAGCGA-1,0.000015,0.999985
GAAGTGCTGGATAGCT-1,0.000065,0.999935
GAATAGACGCGACCCA-1,0.000044,0.999956
GAATATTCGGAGTCCC-1,0.000056,0.999944
GAATCGACATGGTCAC-1,0.000042,0.999958
GAATCGCCGGACACGG-1,0.000187,0.999813
GAATCTGAACATTCTC-1,0.000012,0.999988
GAATGCCGAAATGACC-1,0.000009,0.999991
GAATGCGAATCGGTTC-1,0.00003,0.99997
GAATGGGCTTATCGAC-1,0.000045,0.999955
GAATGTATGGCAGGTC-1,0.000028,0.999972
GAATGTGGTCCGGATT-1,0.000014,0.999986
GAATGTTGGGTAATCT-1,0.00021,0.99979
GAATTATAGTGAAAGG-1,0.000026,0.999974
GAATTTCTCGCTGCAG-1,0.000005,0.999995
GACAACGACCATTGAA-1,0.00002,0.99998
GACACAAGGGAAGAAA-1,0.000037,0.999963
GACACGAGTTAGAGGA-1,0.000034,0.999966
GACAGAGGTCTTCAGT-1,0.000033,0.999967
GACAGATTTCTGGCTC-1,0.000018,0.999982
GACAGCCAGACCTGAC-1,0.000026,0.999974
GACAGGCACACACTAT-1,0.000003,0.999997
GACATACTGTCGCAGA-1,0.000146,0.999854
GACCCAATTATGATAC-1,0.000053,0.999947
GACCGACTGAAGCGTC-1,0.000044,0.999956
GACCGATTAAATATGT-1,0.000052,0.999948
GACCGTCAGGTCGTGA-1,0.000073,0.999927
GACCGTTACATGCGAC-1,0.000035,0.999965
GACGCATACCCGTCGG-1,0.000102,0.999898
GACGCCTGTTGCAGGG-1,0.000204,0.999796
GACGCTTGCTTCTAAA-1,0.000023,0.999977
GACGGTCAATAGAAGC-1,0.000011,0.999989
GACGTGAGACTCCATG-1,0.000019,0.999981
GACGTGTAGGGATTAT-1,0.000048,0.999952
GACTAACACAGCACCT-1,0.000081,0.999919
GACTAAGTAGGCTCAC-1,0.00006,0.99994
GACTACAAAGCGGTGG-1,0.000117,0.999883
GACTACAATTGCTCGT-1,0.000129,0.999871
GACTCACCCACGTGAG-1,0.000108,0.999892
GACTCCTTCCAATTGA-1,0.000043,0.999957
GACTCGCGGGAATGAC-1,0.000025,0.999975
GACTCGGTCGGCGGAT-1,0.000704,0.999296
GACTGATTGGTCACAA-1,0.000078,0.999922
GACTGCACCAGCCCAG-1,0.00001,0.99999
GAGAATCTCACGATCA-1,0.00001,0.99999
GAGACCCTGCAACGCC-1,0.000035,0.999965
GAGAGCGCAGTCCCTG-1,0.000022,0.999978
GAGAGGGCGCGAGGTT-1,0.000018,0.999982
GAGAGGTGCATTCTGG-1,0.000007,0.999993
GAGATCTGCTTGGCAT-1,0.000016,0.999984
GAGATCTGTCACTCCG-1,0.000049,0.999951
GAGATCTTCCATGACA-1,0.000006,0.999994
GAGCACCTGTGTCCAG-1,0.00002,0.99998
GAGCATCATCCCTGGG-1,0.000485,0.999515
GAGCCACGGTAGTAGG-1,0.000009,0.999991
GAGCCAGCTACCTGTG-1,0.000685,0.999315
GAGCCGAGCGTTTATT-1,0.000016,0.999984
GAGCGAGGGAGTACCG-1,0.000113,0.999887
GAGCGCGCACGAGTAG-1,0.000053,0.999947
GAGCGCTGTTAGGTAA-1,0.00008,0.99992
GAGCTAAGGGCATATC-1,0.000028,0.999972
GAGCTCAACATGAGCG-1,0.000029,0.999971
GAGCTCTCGGACCTAA-1,0.000023,0.999977
GAGGAATGGAGAGGTT-1,0.000026,0.999974
GAGGAGATCCTCATGC-1,0.000435,0.999565
GAGGCCCGACTCCGCA-1,0.000131,0.999869
GAGGCTATCAAAGTCG-1,0.000004,0.999996
GAGGGCATCGCGTATC-1,0.000035,0.999965
GAGGGCGCAGCTCTGC-1,0.000035,0.999965
GAGGTACATCCATCTT-1,0.000283,0.999717
GAGGTACGCGTGTCCC-1,0.000045,0.999955
GAGGTCCCAAAGATCT-1,0.000029,0.999971
GAGTAAGGCCACGGGA-1,0.000024,0.999976
GAGTACGGGTATACAA-1,0.000178,0.999822
GAGTAGATACTAGTTG-1,0.000011,0.999989
GAGTCCGCTTACCGGA-1,0.000118,0.999882
GAGTGTCAACCAGAAA-1,0.000087,0.999913
GAGTGTGCGGTACCCA-1,0.000034,0.999966
GAGTTGATGGCAATTT-1,0.000072,0.999928
GAGTTGTCACCAGTCT-1,0.000058,0.999942
GATAAATCGGTGGATG-1,0.000463,0.999537
GATAACTCGCACTGTG-1,0.000031,0.999969
GATAAGGCAGATGCAA-1,0.000442,0.999558
GATAGCGTACCACGCG-1,0.00005,0.99995
GATAGGTAACGTTGAC-1,0.000033,0.999967
GATATCAGTATGTATC-1,0.002857,0.997143
GATATGAGACACTAAC-1,0.000019,0.999981
GATATGCGGTAGCCAA-1,0.000201,0.999799
GATATGGATTACGCGG-1,0.000064,0.999936
GATATTGAGATTGGCG-1,0.000052,0.999948
GATATTTCCTACATGG-1,0.000055,0.999945
GATCCCTTTATACTGC-1,0.00013,0.99987
GATCCGGGAATTAACA-1,0.000005,0.999995
GATCCTAAATCGGGAC-1,0.000025,0.999975
GATCCTCGACACTGGC-1,0.000216,0.999784
GATCGGATAGAACCAT-1,0.000034,0.999966
GATCGGCGATAAGTCG-1,0.000022,0.999978
GATCGGTGGCCATAAC-1,0.000269,0.999731
GATCGTGACTGATATC-1,0.000006,0.999994
GATCTAACCGTATTCA-1,0.00005,0.99995
GATCTTCATTGTCCTC-1,0.000143,0.999857
GATCTTGGAGGGCATA-1,0.000014,0.999986
GATCTTTGCAGGGTAT-1,0.000023,0.999977
GATCTTTGCTCAAAGA-1,0.000035,0.999965
GATGCCAGCAGAAGGC-1,0.00004,0.99996
GATGCCTTCTGCGGCA-1,0.000281,0.999719
GATGCGTCCTGCATTC-1,0.000096,0.999904
GATGCTGTATTTCATC-1,0.000013,0.999987
GATGGCGCACACATTA-1,0.000039,0.999961
GATGGTGCCCTAGGCA-1,0.000024,0.999976
GATGTAACGAACCACC-1,0.000129,0.999871
GATGTCCGGATCACAT-1,0.00012,0.99988
GATGTCGGTCAACTGC-1,0.00017,0.99983
GATGTTCAATCCACGA-1,0.00007,0.99993
GATGTTTGTGCGAGAT-1,0.000058,0.999942
GATTAACCGAAAGCCC-1,0.000078,0.999922
GATTACTGAATTTGGG-1,0.000046,0.999954
GATTCCCTTGTCGCAG-1,0.000041,0.999959
GATTCCGCGTTTCCGT-1,0.00038,0.99962
GATTCCTATACGGCGC-1,0.00001,0.99999
GATTCGACGGTTCACG-1,0.000021,0.999979
GATTCTGTTAATGAGT-1,0.000047,0.999953
GATTTAGTGCGTACTG-1,0.000171,0.999829
GCAAACCCTACATTAT-1,0.00001,0.99999
GCAAACCTTGGCCATA-1,0.000021,0.999979
GCAAATATTACGCTTT-1,0.00004,0.99996
GCAAATGAGGACACTT-1,0.000034,0.999966
GCAACACACTAGAACT-1,0.000011,0.999989
GCAACCACCAGACCGG-1,0.000157,0.999843
GCAACCACGGCCGCGT-1,0.000018,0.999982
GCAACCCAAGTTGTTT-1,0.000041,0.999959
GCAAGAATTCCTTGGC-1,0.00003,0.99997
GCAAGATGTGTTCGCG-1,0.000029,0.999971
GCAAGTGCACAGAGAA-1,0.000014,0.999986
GCACAACCTCGGGCGT-1,0.000014,0.999986
GCACAAGTGGATCATA-1,0.014286,0.985714
GCACAAGTGTCGGAAG-1,0.000161,0.999839
GCACACAGCTATTACC-1,0.000052,0.999948
GCACACGCCCATGGTC-1,0.000044,0.999956
GCACTAGTCGCGCTAT-1,0.000083,0.999917
GCACTGCCTACCTTTA-1,0.000162,0.999838
GCACTGTGCAAATGTA-1,0.000085,0.999915
GCAGAAACGTAATCCA-1,0.000029,0.999971
GCAGACCCAGCACGTA-1,0.0001,0.9999
GCAGATCCATAAGACT-1,0.000093,0.999907
GCAGATTAGGGATATC-1,0.000013,0.999987
GCAGCACACAGCCCAG-1,0.000018,0.999982
GCAGCGGTGGGCATTA-1,0.00007,0.99993
GCAGCTATGGACAGGT-1,0.00005,0.99995
GCAGGAACTTAGATCT-1,0.000026,0.999974
GCAGGACTATAGAATA-1,0.000019,0.999981
GCAGGTAGAGTATGGT-1,0.000018,0.999982
GCAGTGTGGCTATAGG-1,0.000032,0.999968
GCATAAATTGAACGCC-1,0.000055,0.999945
GCATACGAGGTCTTTA-1,0.000006,0.999994
GCATAGAGCACTCAGG-1,0.000019,0.999981
GCATCCCTAACTTTGA-1,0.000094,0.999906
GCATGAGGGACGCGGC-1,0.00003,0.99997
GCATTGTAATTCATAT-1,0.000032,0.999968
GCCAACCATTTCCGGA-1,0.000104,0.999896
GCCAAGAATACTTCTG-1,0.00002,0.99998
GCCAATAGGGCATCTC-1,0.000023,0.999977
GCCACAATTTAAGGAC-1,0.00004,0.99996
GCCAGGAGTAACCGAT-1,0.000024,0.999976
GCCAGGCGTTCGCATG-1,0.000476,0.999524
GCCAGGCTTAGTGGTA-1,0.000214,0.999786
GCCATATTGCACACAG-1,0.000022,0.999978
GCCATTAGCCTCAAAC-1,0.000204,0.999796
GCCCACCAAGGCTGTC-1,0.000127,0.999873
GCCCAGTTGGTATGCC-1,0.000025,0.999975
GCCCGACTTCTTCCCG-1,0.000599,0.999401
GCCCGAGAGTCTAAAT-1,0.000027,0.999973
GCCCGATCTGTGGTCG-1,0.000024,0.999976
GCCCGCGCGTTTGACA-1,0.000022,0.999978
GCCCGTAATACCTTCT-1,0.000026,0.999974
GCCCTAGCCGTCGCGA-1,0.0001,0.9999
GCCCTGAGGATGGGCT-1,0.000134,0.999866
GCCGATTGGCCAAGCT-1,0.000014,0.999986
GCCGCATTAGTCCGGC-1,0.000006,0.999994
GCCGCTTGTGAGAAAC-1,0.000014,0.999986
GCCGGGTTAGGGTCGC-1,0.000042,0.999958
GCCTAGCGATCTGACC-1,0.000032,0.999968
GCCTATAGTGTCAGGG-1,0.000023,0.999977
GCCTATTCCGATATAG-1,0.000066,0.999934
GCCTATTTGCTACACA-1,0.000187,0.999813
GCCTCATCTGGAAATA-1,0.000053,0.999947
GCCTCTATACATAGCA-1,0.000289,0.999711
GCCTGCTACACTGAGA-1,0.000617,0.999383
GCCTGTCCCGGTGCAT-1,0.000015,0.999985
GCCTTGTATATGCAGT-1,0.00002,0.99998
GCCTTTGTCAGTGGAC-1,0.000044,0.999956
GCGAAACTTAACTGGA-1,0.000006,0.999994
GCGAAGCCATACCCGT-1,0.000018,0.999982
GCGACATGTAAACATC-1,0.000055,0.999945
GCGACGATAGTTGTAC-1,0.000111,0.999889
GCGAGAAACGGGAGTT-1,0.000962,0.999038
GCGAGAGTTGCGTCCA-1,0.000061,0.999939
GCGAGTTCTGCAAAGA-1,0.000015,0.999985
GCGATTCTGGAAGCAG-1,0.000412,0.999588
GCGATTGTTAACGTTA-1,0.000012,0.999988
GCGCATCCAGTCAGCA-1,0.000034,0.999966
GCGCCGTTCCACGATA-1,0.000014,0.999986
GCGCGGTCTAGTAACT-1,0.000021,0.999979
GCGCGTCATTGGTACA-1,0.000093,0.999907
GCGCTAATTGAATAGA-1,0.000086,0.999914
GCGCTGATCCAGACTC-1,0.000047,0.999953
GCGCTGCTTTGCATTT-1,0.000023,0.999977
GCGCTGGCGGAAAGTC-1,0.000093,0.999907
GCGCTTAAATAATTGG-1,0.000082,0.999918
GCGGAGAGGGAGAACG-1,0.000006,0.999994
GCGGCTCTGACGTACC-1,0.000029,0.999971
GCGGGAACCAGGCCCT-1,0.00008,0.99992
GCGGGCAGACGGGTGA-1,0.00003,0.99997
GCGGTAACCCAAATGA-1,0.000154,0.999846
GCGGTCCCTAGACGCA-1,0.000074,0.999926
GCGGTGAACTGCGCTC-1,0.000021,0.999979
GCGGTGCGGAGCATCG-1,0.009091,0.990909
GCGTAAATGGCCATAA-1,0.000022,0.999978
GCGTCGAAATGTCGGT-1,0.000203,0.999797
GCGTCGCCAGGGTGAT-1,0.000023,0.999977
GCGTCTCTGCATTGGG-1,0.000025,0.999975
GCGTGGTACTGGGTTA-1,0.00001,0.99999
GCGTTCGGAGACCGGG-1,0.000052,0.999948
GCTAAACCTGAGGTGA-1,0.000042,0.999958
GCTAACTGAAGTCTGA-1,0.000097,0.999903
GCTAAGTAGTTTCTCT-1,0.00001,0.99999
GCTACAGTACGGACCG-1,0.000051,0.999949
GCTACGACTTATTGGG-1,0.000024,0.999976
GCTAGCAGGGAGTGGG-1,0.000083,0.999917
GCTAGGCACCACGGAG-1,0.000369,0.999631
GCTAGTAGAGCTTGTA-1,0.000024,0.999976
GCTAGTTTCATTGAGG-1,0.000073,0.999927
GCTATACGTCTCGGAC-1,0.000313,0.999687
GCTATCATACTCATGG-1,0.000081,0.999919
GCTATCGCGGCGCAAC-1,0.000009,0.999991
GCTCAACCTCTTAGAG-1,0.00011,0.99989
GCTCAATGTAATACCG-1,0.000162,0.999838
GCTCATTACTGCATGT-1,0.000176,0.999824
GCTCGGAATTTAAAGC-1,0.000017,0.999983
GCTCTAAACCCTGACG-1,0.000055,0.999945
GCTCTATGTTACGTGC-1,0.00003,0.99997
GCTCTCGGGTACCGAA-1,0.000044,0.999956
GCTGAATCTTCCAATC-1,0.000217,0.999783
GCTGAGCAACGGTTCT-1,0.00122,0.99878
GCTGAGGCGTGAGTAT-1,0.000009,0.999991
GCTGCACGGTTTCTTA-1,0.000003,0.999997
GCTGCTACTGCGTAGC-1,0.000037,0.999963
GCTGCTCTCCGGACAC-1,0.000015,0.999985
GCTGGACCCAAAGTGG-1,0.000049,0.999951
GCTGGCAGGTGCCGTG-1,0.000025,0.999975
GCTGGCATATTCACCT-1,0.000023,0.999977
GCTGGCGGCGCATGCT-1,0.000017,0.999983
GCTGGTGACTCGTAGT-1,0.000031,0.999969
GCTGGTTTAGGCCATA-1,0.000442,0.999558
GCTGTATTACTGGCCC-1,0.000048,0.999952
GCTGTTGCTACCGAAC-1,0.000015,0.999985
GCTTAATGTAACTAAC-1,0.000011,0.999989
GCTTAGGGAAGCGGTA-1,0.000044,0.999956
GCTTATGAAGCAGGAA-1,0.000046,0.999954
GCTTCAGTGGGATTAC-1,0.0001,0.9999
GCTTCCAGCTTAGATT-1,0.000019,0.999981
GCTTCCGTCCCTAGAC-1,0.000039,0.999961
GCTTCGACGTTCAATC-1,0.000045,0.999955
GCTTGATGATAATCAG-1,0.000027,0.999973
GCTTGGATCGATTAGG-1,0.000034,0.999966
GCTTTCAGAGGAGGTG-1,0.000054,0.999946
GGAAAGTGCCCATGCC-1,0.000031,0.999969
GGAACCCGAACAAGAA-1,0.000329,0.999671
GGAACCTTGACTCTGC-1,0.000025,0.999975
GGAAGATAAGACTGTA-1,0.000026,0.999974
GGAAGCTCGCTTACAG-1,0.000062,0.999938
GGAATGCGCTAGCGTG-1,0.00001,0.99999
GGACAAGTTGCAGTGA-1,0.000047,0.999953
GGACACCTCGGTGTTG-1,0.000026,0.999974
GGACCAACAGGATAAC-1,0.00001,0.99999
GGACGGCTTGCGCAAC-1,0.000028,0.999972
GGACGTCCATAGTTGG-1,0.000115,0.999885
GGACTAAGTCAGGAGT-1,0.000024,0.999976
GGAGAAGTCATTGGCA-1,0.000023,0.999977
GGAGACCATCTACATA-1,0.000031,0.999969
GGAGACGACACCTTTG-1,0.000027,0.999973
GGAGCACCAAGAACTA-1,0.000014,0.999986
GGAGCGAGGCCTACTT-1,0.000093,0.999907
GGAGGGCTTGGTTGGC-1,0.000019,0.999981
GGAGTACACATGAGCT-1,0.000061,0.999939
GGATACTCATGAATTG-1,0.000032,0.999968
GGATCATCCCGTACGC-1,0.000038,0.999962
GGATCCCTACCAGCTA-1,0.0125,0.9875
GGATCCGGAATATACT-1,0.000011,0.999989
GGATCTTGACTCAACC-1,0.000052,0.999948
GGATGAAGATCGCTGA-1,0.000068,0.999932
GGATGACGCGAGTTTA-1,0.000027,0.999973
GGATGCTGGCGTTCCT-1,0.000021,0.999979
GGATGTCCTTACCGCA-1,0.000039,0.999961
GGATTCAGTACGGTGG-1,0.00003,0.99997
GGATTCCGCTATACCC-1,0.000082,0.999918
GGATTGCTGTGACTCC-1,0.000719,0.999281
GGATTTCACTTCTATA-1,0.000033,0.999967
GGCAAGCCCATAGTGG-1,0.000025,0.999975
GGCAAGGCGAAATAGC-1,0.00002,0.99998
GGCAATAGTCAATGAG-1,0.000033,0.999967
GGCAGAGAGATCGGGA-1,0.000023,0.999977
GGCAGCGGTAATCCTA-1,0.000076,0.999924
GGCATACAGGTAGCGG-1,0.000024,0.999976
GGCATATCGGTTCTGC-1,0.000112,0.999888
GGCCACACGAAAGCCT-1,0.000086,0.999914
GGCCCAATCTAGAGGG-1,0.000043,0.999957
GGCCCAGTTATCAGCA-1,0.000041,0.999959
GGCCCTCACCCACTTA-1,0.000004,0.999996
GGCCTGCTCTGATGTT-1,0.000029,0.999971
GGCCTTTGCAACTGGC-1,0.000052,0.999948
GGCGAAATCTAACTTG-1,0.000012,0.999988
GGCGAGCGAAACGGCA-1,0.000022,0.999978
GGCGCAGGACATCTTC-1,0.000015,0.999985
GGCGCGGAGATCTTTC-1,0.001064,0.998936
GGCGCGTTCGAGTTTA-1,0.000049,0.999951
GGCGCTCCTCATCAAT-1,0.000038,0.999962
GGCGCTTCATTCCCTG-1,0.000108,0.999892
GGCGGTAGGATCATTG-1,0.000053,0.999947
GGCGGTTTGCCGGTGC-1,0.001786,0.998214
GGCGTCCTATCCGCTG-1,0.000019,0.999981
GGCTAAAGGGCGGGTC-1,0.00004,0.99996
GGCTAATGATTGAAAT-1,0.000029,0.999971
GGCTATTAAGTTGTAT-1,0.000042,0.999958
GGCTCGCGTTGAGGTA-1,0.000027,0.999973
GGCTCGTGCCACCAGC-1,0.000011,0.999989
GGCTCTGCTCCAACGC-1,0.000056,0.999944
GGCTGAAATAGCAAAG-1,0.000058,0.999942
GGCTGAGCATCGTAAG-1,0.000047,0.999953
GGCTGGCTAGCTTAAA-1,0.000149,0.999851
GGCTTGGCTCTCACCT-1,0.00011,0.99989
GGCTTTCAATAAGGGT-1,0.000016,0.999984
GGGAACGGGAGGTTAG-1,0.000025,0.999975
GGGAATTCTGTCCAGT-1,0.000032,0.999968
GGGACAGAGTTACTCC-1,0.000503,0.999497
GGGACTGCATAGATAG-1,0.000014,0.999986
GGGAGAACTCACAGTA-1,0.000013,0.999987
GGGAGTAATGGCTGGC-1,0.000256,0.999744
GGGAGTTAATGAGGCG-1,0.000014,0.999986
GGGATACGGTAATAAT-1,0.000568,0.999432
GGGATTTACCGCACCT-1,0.000031,0.999969
GGGCAACCGCACGTGC-1,0.000089,0.999911
GGGCAGAGCAATCGTT-1,0.000031,0.999969
GGGCAGGATTTCTGTG-1,0.000062,0.999938
GGGCCATTCGTGCTGG-1,0.000052,0.999948
GGGCCCTACGAAAGGG-1,0.000033,0.999967
GGGCCCTTATCTATAC-1,0.000033,0.999967
GGGCCGGCCGAAGTAC-1,0.000021,0.999979
GGGCCTAAATGGGCTA-1,0.000022,0.999978
GGGCCTATTTAAGTAT-1,0.000096,0.999904
GGGCGAATTTCTCCAC-1,0.007143,0.992857
GGGCGATATGTGTGAA-1,0.000079,0.999921
GGGCGGGTTCCCTACG-1,0.000048,0.999952
GGGCGGTCCTATTGTC-1,0.000068,0.999932
GGGCGTCCACTGGCTC-1,0.000068,0.999932
GGGCGTGGTTTCCCAG-1,0.000319,0.999681
GGGCTACTATTTCGTG-1,0.00005,0.99995
GGGCTCATCGAACCCA-1,0.000017,0.999983
GGGCTGCCTAGGGCGA-1,0.000046,0.999954
GGGTAATGCTGTGTTT-1,0.000011,0.999989
GGGTACACTCTGGAGG-1,0.008333,0.991667
GGGTACCCACGGTCCT-1,0.000057,0.999943
GGGTACTTCATGAACT-1,0.000024,0.999976
GGGTATGTATGCACTT-1,0.000035,0.999965
GGGTATTCTAGCAAAC-1,0.000154,0.999846
GGGTCATGCGTACCAT-1,0.000049,0.999951
GGGTCCTTGGAAGAAG-1,0.000324,0.999676
GGGTGTTTCAGCTATG-1,0.000806,0.999194
GGGTTCAGACGAACAA-1,0.000021,0.999979
GGTAAATGTGCGTTAC-1,0.000395,0.999605
GGTAACTATGTATCTG-1,0.000184,0.999816
GGTACATCTGGGACGA-1,0.000024,0.999976
GGTACCATTAAGACGG-1,0.000059,0.999941
GGTAGTGCTCGCACCA-1,0.000038,0.999962
GGTATCAAGCATAGAA-1,0.000036,0.999964
GGTCAGTGGGTCCCAC-1,0.000023,0.999977
GGTCCTTCATACGACT-1,0.000084,0.999916
GGTCGGATAAACGGCG-1,0.00003,0.99997
GGTCGGCCAGGAGCTT-1,0.00001,0.99999
GGTCGGTAATTAGACA-1,0.000083,0.999917
GGTCGTAAGCTCGCAC-1,0.000043,0.999957
GGTCTGAGAATCTGGA-1,0.000016,0.999984
GGTCTTGAGCGCTCTT-1,0.000005,0.999995
GGTGAACGGGCTAGCC-1,0.000171,0.999829
GGTGAAGTACAGGGAT-1,0.000047,0.999953
GGTGAGATGCAGATAA-1,0.00006,0.99994
GGTGATAAGGAGCAGT-1,0.000014,0.999986
GGTGATTTCATCTTGT-1,0.000319,0.999681
GGTGCAGAGCCTATCG-1,0.000061,0.999939
GGTGCGGATAAGTGGC-1,0.000061,0.999939
GGTGCTGATCACAAAG-1,0.000022,0.999978
GGTGGACCACGTGTTA-1,0.000543,0.999457
GGTGGACTGCTCTGGC-1,0.000617,0.999383
GGTGTAAATCGATTGT-1,0.000014,0.999986
GGTTACCACCCTCGGG-1,0.000005,0.999995
GGTTAGCTATATGTCT-1,0.000024,0.999976
GGTTAGGCTTGGAGAA-1,0.000031,0.999969
GGTTAGTTACGGCGCC-1,0.000004,0.999996
GGTTCCCTAGTGTCTC-1,0.000051,0.999949
GGTTCGGATTATACTA-1,0.000028,0.999972
GGTTCTACTCGTCTGA-1,0.000147,0.999853
GGTTGTGCTCTTGTCC-1,0.000025,0.999975
GGTTGTGTAGCCTGGC-1,0.000046,0.999954
GGTTTACAATCTCAAT-1,0.000075,0.999925
GGTTTCAATCGGTCAG-1,0.000031,0.999969
GGTTTGACAAGAAGCT-1,0.000018,0.999982
GGTTTGAGTGCTGGAA-1,0.000166,0.999834
GGTTTGCGAACACGTA-1,0.00017,0.99983
GTAACAACTGACCTTG-1,0.000015,0.999985
GTAACTTGCGGCAGTC-1,0.000176,0.999824
GTAAGCGGGCAGTCAG-1,0.00002,0.99998
GTAAGGATTTGTCGGA-1,0.000055,0.999945
GTAAGTAACAGTCTGG-1,0.000024,0.999976
GTAAGTAGGGTATACC-1,0.000026,0.999974
GTAATAAAGGGCTCCC-1,0.000037,0.999963
GTACACTTACCTGAAG-1,0.000026,0.999974
GTACAGAGGCAAGGGT-1,0.000016,0.999984
GTACGACGGCGCTGCG-1,0.000032,0.999968
GTACGAGATTGCGACA-1,0.000108,0.999892
GTACGCTTCATTGCAC-1,0.000039,0.999961
GTACGTCACGTATTAA-1,0.000039,0.999961
GTACGTTTGCCCGTCA-1,0.000022,0.999978
GTACTCCCTTATCGCT-1,0.000008,0.999992
GTACTCCTGGGTATGC-1,0.000035,0.999965
GTACTGAGGTCGTAAC-1,0.00005,0.99995
GTACTGCATGAAGCGT-1,0.000261,0.999739
GTACTGGAGTTAGACC-1,0.00001,0.99999
GTACTTGGGCACTTCT-1,0.000069,0.999931
GTAGACACGCCTGACT-1,0.000037,0.999963
GTAGACGTCGTTACAT-1,0.000217,0.999783
GTAGAGGGAGACAAGT-1,0.000201,0.999799
GTAGCGGCTATACACT-1,0.000049,0.999951
GTAGCTTCCTCTTGTT-1,0.000024,0.999976
GTAGGTGATCCGTGTA-1,0.000543,0.999457
GTAGTCGCGGGAATCA-1,0.000027,0.999973
GTATAATCTCCCGGAT-1,0.002857,0.997143
GTATAGGACTCAGTAG-1,0.000042,0.999958
GTATCAGCTTGGGTTC-1,0.000021,0.999979
GTATCGGGACGAGCTG-1,0.00035,0.99965
GTATCTCAGTCTTGAC-1,0.000073,0.999927
GTATCTTTCATAACCA-1,0.000028,0.999972
GTATGAAATTTCACTC-1,0.000134,0.999866
GTATGACGTGGGAAAC-1,0.0001,0.9999
GTATGTGGGTCTAGTT-1,0.000031,0.999969
GTATTAAGGCGTCTAA-1,0.000052,0.999948
GTATTAGGGTTCGCGT-1,0.000352,0.999648
GTATTCTTACCGTGCT-1,0.000187,0.999813
GTCAAAGAAGTGGTGT-1,0.000034,0.999966
GTCAAAGTTTACATAG-1,0.000121,0.999879
GTCAAGCGGACTCGGG-1,0.000013,0.999987
GTCACTCTCCAAATCT-1,0.000036,0.999964
GTCAGAATAGTCTATG-1,0.000015,0.999985
GTCAGACAGCGTTGGA-1,0.000279,0.999721
GTCAGTTGTGCTCGTT-1,0.000169,0.999831
GTCATCTCCTACAGCT-1,0.003704,0.996296
GTCATGCACCTCCGTT-1,0.000052,0.999948
GTCATGGACATGACTA-1,0.000052,0.999948
GTCATTAGAGCGAACG-1,0.000024,0.999976
GTCATTGCATTGACCC-1,0.000054,0.999946
GTCCCAACGTAAAGTA-1,0.000057,0.999943
GTCCCGCGACGTTATG-1,0.000039,0.999961
GTCCGAGAGCAATCAT-1,0.000069,0.999931
GTCCGGACCTGAAATT-1,0.000277,0.999723
GTCCGGGTTCACATTA-1,0.0001,0.9999
GTCCTACAGGCGGCTC-1,0.000029,0.999971
GTCCTACGAATAGTCT-1,0.000297,0.999703
GTCCTACTCTACGGGC-1,0.000049,0.999951
GTCCTAGGATACCTTA-1,0.000397,0.999603
GTCCTATTGTTGTGGT-1,0.000129,0.999871
GTCCTTCTACAACCCA-1,0.000116,0.999884
GTCCTTCTAGTGGGTT-1,0.000521,0.999479
GTCCTTTAATGACTTC-1,0.000535,0.999465
GTCGCGTAACCCGTTG-1,0.000014,0.999986
GTCGGAAGGATACCAG-1,0.000091,0.999909
GTCGGATATCTCAGAC-1,0.000009,0.999991
GTCGGATGTAGCGCGC-1,0.000044,0.999956
GTCGGGAACATGGTAG-1,0.000033,0.999967
GTCGGGAAGCAGAAAC-1,0.000006,0.999994
GTCGTACCATCTCGGG-1,0.000033,0.999967
GTCGTACCTACGATTG-1,0.000368,0.999632
GTCGTATTGGCGTACA-1,0.000029,0.999971
GTCGTCAATTATAAGG-1,0.000076,0.999924
GTCGTTATTCGCTTAT-1,0.000005,0.999995
GTCTACTCAATTACAA-1,0.000011,0.999989
GTCTATCTGAGTTTCT-1,0.000042,0.999958
GTCTATTGGTTCCGGT-1,0.000023,0.999977
GTCTCAAGGCCCGGCT-1,0.000015,0.999985
GTCTCCGCCTCAATAC-1,0.000026,0.999974
GTCTCCTGCCAGTATG-1,0.000253,0.999747
GTCTCGATCTGCTTTC-1,0.000079,0.999921
GTCTTAGTACAGCCGG-1,0.000303,0.999697
GTGAAACGGCGCCACC-1,0.000019,0.999981
GTGAAACGTGCTCCAC-1,0.000106,0.999894
GTGAACTCCCATTCGA-1,0.000042,0.999958
GTGAAGATTTCAAGTG-1,0.00005,0.99995
GTGAAGTCACGACTCG-1,0.000024,0.999976
GTGACCGCACACTACG-1,0.000011,0.999989
GTGAGCGTGCTGCACT-1,0.000006,0.999994
GTGAGGACACTTAAGG-1,0.000011,0.999989
GTGAGGAGCGGTTGAG-1,0.000235,0.999765
GTGATCCTTGTCATGA-1,0.000063,0.999937
GTGATGCACAACATCT-1,0.000048,0.999952
GTGCAACAAATGTGGC-1,0.000049,0.999951
GTGCACGAAAGTGACT-1,0.000059,0.999941
GTGCCATCACACGGTG-1,0.000024,0.999976
GTGCCCGTTCGGATTC-1,0.000015,0.999985
GTGCCTAGCTATGCTT-1,0.001563,0.998437
GTGCCTCAGTGTACGG-1,0.00005,0.99995
GTGCGACAGGGAGTGT-1,0.000042,0.999958
GTGCGGGTCTCCAAAT-1,0.000196,0.999804
GTGCGTGTATATGAGC-1,0.000031,0.999969
GTGCTATCCAGCTGGA-1,0.000061,0.999939
GTGCTGCAGATAAGGA-1,0.000023,0.999977
GTGGAACCTACATGCG-1,0.000066,0.999934
GTGGACCAACCCGATT-1,0.000025,0.999975
GTGGACGCATTTGTCC-1,0.000011,0.999989
GTGGACGTGCTGAGAC-1,0.000023,0.999977
GTGGAGCGTTTACCGA-1,0.000086,0.999914
GTGGCAAACAGCGGCA-1,0.000127,0.999873
GTGGCCGGTTTCTCGG-1,0.000033,0.999967
GTGGCGGTCCCAGCGT-1,0.000146,0.999854
GTGGGAAGACTGAATC-1,0.000021,0.999979
GTGGGCTTAGACACAC-1,0.000024,0.999976
GTGGTCAGCGAAGTAT-1,0.000042,0.999958
GTGGTGGCCAAGTGAA-1,0.000005,0.999995
GTGGTTACTTCTTTCG-1,0.000035,0.999965
GTGGTTTCCGCCTTTC-1,0.000025,0.999975
GTGTACCTTGGCTACG-1,0.00003,0.99997
GTGTCCGATAAGGCAT-1,0.000205,0.999795
GTGTCGTATAGCGTTC-1,0.000061,0.999939
GTGTCGTATTCACCTT-1,0.000075,0.999925
GTGTGAATAACTTAGG-1,0.00002,0.99998
GTGTGTCGACGTCGCT-1,0.000057,0.999943
GTGTTACTATGCGTCC-1,0.000009,0.999991
GTTAAAGTAGGACTGG-1,0.000024,0.999976
GTTACAATTGGTGACG-1,0.000022,0.999978
GTTACCTACAACTTGC-1,0.000018,0.999982
GTTAGGCTACCCGTTT-1,0.000226,0.999774
GTTATATTATCTCCCT-1,0.000122,0.999878
GTTATTAACGTGGGAG-1,0.000031,0.999969
GTTCACAGGAGTCTAG-1,0.000017,0.999983
GTTCAGTCGCCAAATG-1,0.000345,0.999655
GTTCATCGTTTGGCTG-1,0.000037,0.999963
GTTCGTCTAAAGAACT-1,0.000018,0.999982
GTTCTTGTAACTCAAT-1,0.000046,0.999954
GTTGAACCGGTTCCAT-1,0.000081,0.999919
GTTGAGTCCCGCCGGT-1,0.000075,0.999925
GTTGGATTCAGTGGCT-1,0.000026,0.999974
GTTGGATTGAGAACAC-1,0.00002,0.99998
GTTGGTCATGCTATCC-1,0.000021,0.999979
GTTGTAGATTTATGAG-1,0.000021,0.999979
GTTGTCGTGTTAGTTG-1,0.000093,0.999907
GTTGTTACATTGCGCT-1,0.000019,0.999981
GTTTACGTTCCATCTG-1,0.000023,0.999977
GTTTATGGGATTTAGA-1,0.000103,0.999897
GTTTCATATCGTCGCT-1,0.000005,0.999995
GTTTCTGCAGTCTCCC-1,0.000012,0.999988
GTTTGACCAAATCCTA-1,0.000089,0.999911
GTTTGGCCCAAGTTAT-1,0.000014,0.999986
GTTTGGCCGCTCAGCG-1,0.00012,0.99988
GTTTGGGCTTGTGAGC-1,0.00001,0.99999
GTTTGGTAGGGTCAAC-1,0.000092,0.999908
TAAACGTCGTCAATGA-1,0.025,0.975
TAAAGAGCCCGAAACC-1,0.000028,0.999972
TAAAGCGTTAGGAGAA-1,0.000035,0.999965
TAAAGCTGCAATAGGG-1,0.000022,0.999978
TAAATGAATCCGTTTC-1,0.000024,0.999976
TAAATGCCGTCTCATG-1,0.000041,0.999959
TAACAAAGGGAGAAGC-1,0.000008,0.999992
TAACAGGTTCCCTTAG-1,0.000029,0.999971
TAACATACAATGTGGG-1,0.000026,0.999974
TAACATACACGCGATC-1,0.000654,0.999346
TAACCGCCCGCAGTGC-1,0.000287,0.999713
TAACCTACCGTCCGAG-1,0.000031,0.999969
TAACGCTTTGAGAGCG-1,0.000054,0.999946
TAACTATCGAAGGTCC-1,0.000026,0.999974
TAACTATTACGCCAAA-1,0.000078,0.999922
TAACTCCATGGAGGCT-1,0.000008,0.999992
TAAGAGGGACAGGGAC-1,0.00004,0.99996
TAAGCAGGCGACACGC-1,0.00009,0.99991
TAAGGAACTTGTGGGA-1,0.000045,0.999955
TAAGGCAACATAAGAT-1,0.000127,0.999873
TAAGGCCCGTCACCCT-1,0.000058,0.999942
TAAGGGCTGGGAGAGG-1,0.000037,0.999963
TAAGTAAATGTGCCGC-1,0.000158,0.999842
TAAGTTGCGACGTAGG-1,0.000093,0.999907
TAATAAACAAGGAGAT-1,0.000039,0.999961
TAATACACAGTAGTAT-1,0.000125,0.999875
TAATAGGTCACCAGAA-1,0.000094,0.999906
TAATAGTGACGACCAG-1,0.000027,0.999973
TAATATTGAAATTCGC-1,0.000036,0.999964
TAATCGATCCGTACGT-1,0.00003,0.99997
TAATGAAAGACCCTTG-1,0.000037,0.999963
TAATTAGATGGATATG-1,0.000091,0.999909
TACAAGTCTCGTGCAT-1,0.000005,0.999995
TACAGAAACGGTGGGC-1,0.000699,0.999301
TACATAGGCATACACC-1,0.000039,0.999961
TACATCCCTATCCCTG-1,0.000026,0.999974
TACATCTTGTTTCTTG-1,0.000079,0.999921
TACATGACCTTATCCG-1,0.000166,0.999834
TACCAAATAGCCCAGA-1,0.000012,0.999988
TACCAATAAAGTACCA-1,0.000137,0.999863
TACCAGCTAGGTTTAA-1,0.000049,0.999951
TACCGCGGACTTGCAG-1,0.000029,0.999971
TACCGGCTCACTGCCC-1,0.000041,0.999959
TACCGGTCGTTTCCAT-1,0.000049,0.999951
TACCGTGCCTCGGACC-1,0.000079,0.999921
TACCTACTCCCAGTAT-1,0.000026,0.999974
TACCTGCTGCACTGTG-1,0.000085,0.999915
TACCTTAAGATTTCCC-1,0.000292,0.999708
TACGACTGCCTCTTAG-1,0.000058,0.999942
TACGAGAACTTCACGT-1,0.000017,0.999983
TACGATGTTGATCATC-1,0.000018,0.999982
TACGCCATATTCTAAT-1,0.000112,0.999888
TACGCCTCCATTCCGA-1,0.000147,0.999853
TACGCTATAGAAACCT-1,0.00003,0.99997
TACGGAAGCCAAACCA-1,0.000084,0.999916
TACGGGATGCTAGCAG-1,0.000108,0.999892
TACGTGCACTATGCTG-1,0.000035,0.999965
TACGTTTACCGGCAAT-1,0.000015,0.999985
TACTCGGCACGCCGGG-1,0.000014,0.999986
TACTCTCCGAACAAAT-1,0.000085,0.999915
TACTGAGGGAAGAAAG-1,0.000062,0.999938
TACTGCAATCAATTAC-1,0.00004,0.99996
TACTGGACAGCTCGGC-1,0.000005,0.999995
TACTTGTTAGTAGTCC-1,0.000028,0.999972
TACTTTACTGAGCCGG-1,0.000021,0.999979
TACTTTCCGCACGCCA-1,0.00004,0.99996
TAGAAAGGTGGCGCTA-1,0.000021,0.999979
TAGAAATTCACGTATA-1,0.000163,0.999837
TAGAACGCCAGTAACG-1,0.000023,0.999977
TAGAATTAAGGGCAAC-1,0.000074,0.999926
TAGACGCCCGTACCGG-1,0.000034,0.999966
TAGACTACCTAGCGTT-1,0.000076,0.999924
TAGACTCAGTTGGCCT-1,0.000079,0.999921
TAGAGATCATGCAACT-1,0.000017,0.999983
TAGAGGGAGTTTATCT-1,0.000046,0.999954
TAGATCCGAAGTCGCA-1,0.000089,0.999911
TAGATTCCTGGTTATT-1,0.000008,0.999992
TAGCAACCTGTCACAA-1,0.00003,0.99997
TAGCCAGAGGGTCCGG-1,0.000171,0.999829
TAGCCATTTCAAAGTC-1,0.000025,0.999975
TAGCCGGCGGTCAGCG-1,0.000017,0.999983
TAGCGTCCGGTGTGGT-1,0.000053,0.999947
TAGCGTCGAATATTGA-1,0.000022,0.999978
TAGCGTTGGGTCTTAC-1,0.000037,0.999963
TAGCTCAGATCCTAGT-1,0.000049,0.999951
TAGCTCGCCTGATAAC-1,0.000181,0.999819
TAGCTGATGTGAAGCG-1,0.000086,0.999914
TAGGATCTTAACCGCA-1,0.000096,0.999904
TAGGCATGTTACGCCA-1,0.000044,0.999956
TAGGCGATGAGGTCTC-1,0.00003,0.99997
TAGGCGGCTGCAAAGA-1,0.000032,0.999968
TAGGGAGCTTGGGATG-1,0.000047,0.999953
TAGGTCCAAGTAAGGA-1,0.000058,0.999942
TAGGTCGCCGGAACTG-1,0.000031,0.999969
TAGGTGAGCCCTACTC-1,0.000023,0.999977
TAGGTGCTCGCCTAGC-1,0.000038,0.999962
TAGGTGTTCCACAGAT-1,0.000013,0.999987
TAGGTTCGAGTTCGTC-1,0.000042,0.999958
TAGGTTCTGCTGAGAA-1,0.000023,0.999977
TAGTACCACAACTTTC-1,0.000092,0.999908
TAGTACCTTAGTGGTC-1,0.000027,0.999973
TAGTCCGTATGCATAA-1,0.004348,0.995652
TAGTCGGGATTCTTCG-1,0.000045,0.999955
TAGTCTAACAACGAGA-1,0.00002,0.99998
TAGTCTGTGACGTTGC-1,0.000059,0.999941
TAGTGCTTGAATCCTT-1,0.000049,0.999951
TAGTGTCAGAAACGGC-1,0.000058,0.999942
TAGTTAAGATAGGATA-1,0.000064,0.999936
TAGTTTATTCTTGCTT-1,0.000221,0.999779
TATAAATCCACAAGCT-1,0.000046,0.999954
TATAAGTGAGGATAGC-1,0.00003,0.99997
TATACACAGACGCCTT-1,0.000027,0.999973
TATACACGCAAAGTAT-1,0.000057,0.999943
TATACGCGTCATCACT-1,0.000035,0.999965
TATACTCATGCGGCAA-1,0.000022,0.999978
TATAGCGCACGTTATC-1,0.000033,0.999967
TATAGGGTACTCATGA-1,0.000009,0.999991
TATAGTTAGGTGTACT-1,0.000038,0.999962
TATATCATTGATCAGT-1,0.00002,0.99998
TATATCCCTGGGAGGA-1,0.000059,0.999941
TATATGCTGGGTTGCC-1,0.000167,0.999833
TATCAAAGGTCTGTAA-1,0.000013,0.999987
TATCACCATGTAAAGT-1,0.000204,0.999796
TATCACCCAACCGACC-1,0.000027,0.999973
TATCACTTCGAGTAAC-1,0.000031,0.999969
TATCAGTGGCGTAGTC-1,0.000009,0.999991
TATCCAATTGGTTATC-1,0.000021,0.999979
TATCCATCTCGGTTAG-1,0.00009,0.99991
TATCCTATCAACTGGT-1,0.00026,0.99974
TATCGATCTATGCATA-1,0.000035,0.999965
TATCTACAGAGGTAAT-1,0.000039,0.999961
TATCTACCACAGCGGG-1,0.000023,0.999977
TATCTAGCCTAAAGGA-1,0.000103,0.999897
TATCTGAGCCGATATT-1,0.000029,0.999971
TATCTTGCAATACAAC-1,0.000161,0.999839
TATGAAGACAGGTGCG-1,0.000042,0.999958
TATGATCTTCTCTTTA-1,0.000238,0.999762
TATGCTCCCTACTTAC-1,0.000029,0.999971
TATGGCCCGGCCTCGC-1,0.000015,0.999985
TATGGGTACGTATCGT-1,0.000054,0.999946
TATGGTCTGAGTAACA-1,0.000052,0.999948
TATGTAGAAACCCGGC-1,0.00003,0.99997
TATGTCAAGACCGACT-1,0.000018,0.999982
TATGTCTCATTGTGCC-1,0.000039,0.999961
TATTAACACCAAAGCA-1,0.000021,0.999979
TATTACCATCCTGCTT-1,0.000046,0.999954
TATTATGTTTGCCTGC-1,0.000063,0.999937
TATTCAATTCTAATCC-1,0.000011,0.999989
TATTCCACTCAGCTCG-1,0.000211,0.999789
TATTCCGAGCTGTTAT-1,0.000935,0.999065
TATTCCTCCGCCCACT-1,0.000028,0.999972
TATTCGTGCCAGAATA-1,0.000021,0.999979
TATTTAGTCTAGATCG-1,0.000015,0.999985
TATTTATACCGAGTAG-1,0.000794,0.999206
TCAAACAACCGCGTCG-1,0.00001,0.99999
TCAAACTTAGATTGTT-1,0.000036,0.999964
TCAAAGAGCTATCTGT-1,0.000087,0.999913
TCAACAAAGATAATTC-1,0.000114,0.999886
TCAACACATTGGGTAA-1,0.000055,0.999945
TCAACATCGACCGAGA-1,0.000025,0.999975
TCAACGCAGGAAATAA-1,0.000028,0.999972
TCAACGCGACCGGCAG-1,0.000003,0.999997
TCAACTAACGTATAAC-1,0.000024,0.999976
TCAAGAAATACTAGCT-1,0.000043,0.999957
TCAATACAATTGCTGC-1,0.000053,0.999947
TCAATACGCCGTCATG-1,0.000014,0.999986
TCACAGATCCTCAAAC-1,0.004545,0.995455
TCACAGGGAATCGCAA-1,0.000013,0.999987
TCACATCTTATCTGAT-1,0.000075,0.999925
TCACCCTCTTAAGATT-1,0.000094,0.999906
TCACCGCTCGGCACTC-1,0.000043,0.999957
TCACGATGTCCGTGGA-1,0.000047,0.999953
TCACGTGCCCGATTCA-1,0.00001,0.99999
TCACTACGACCAATGC-1,0.000054,0.999946
TCACTCGTGCAACGGC-1,0.000101,0.999899
TCACTCTTCGTCTGTC-1,0.000346,0.999654
TCAGAACCTCCACAGG-1,0.000046,0.999954
TCAGACGCTATAGAAG-1,0.00003,0.99997
TCAGATGGAGACGTAG-1,0.000038,0.999962
TCAGCAAATGCATCTC-1,0.00002,0.99998
TCAGGGCGACTTCCTT-1,0.000071,0.999929
TCAGGGCGCAAACTCG-1,0.000031,0.999969
TCAGGGTGTAACGTAA-1,0.00012,0.99988
TCAGGTTCTTTGAGAA-1,0.000044,0.999956
TCAGTACTGACCCGCG-1,0.000015,0.999985
TCATACTTACAGATCC-1,0.000012,0.999988
TCATATGAGCTTTGTT-1,0.000025,0.999975
TCATCACTCGAGCTCG-1,0.000058,0.999942
TCATCCCAGAGGGTGG-1,0.000306,0.999694
TCATGCAGGTTCTCAT-1,0.00005,0.99995
TCATTCGTATAATTTG-1,0.00002,0.99998
TCATTTAAGTCTCCGA-1,0.000026,0.999974
TCCAACTTTAAATTCT-1,0.000014,0.999986
TCCACAATGGTTTACG-1,0.000022,0.999978
TCCACATCGTATATTG-1,0.000018,0.999982
TCCACTTTATCTAGGT-1,0.000012,0.999988
TCCAGAGCACCGGTTC-1,0.000017,0.999983
TCCAGGCGAGTACGGT-1,0.000288,0.999712
TCCAGGGTATATACGA-1,0.000019,0.999981
TCCATCAATACTAATC-1,0.000038,0.999962
TCCCAAAGACGAAGGA-1,0.000034,0.999966
TCCCACTCTCTTCCGG-1,0.000076,0.999924
TCCCGCGTACTCCTGG-1,0.000039,0.999961
TCCCGGGTGTGCTGCT-1,0.000017,0.999983
TCCCGGTCAGGAATTT-1,0.000098,0.999902
TCCCGTCAGTCCCGCA-1,0.000046,0.999954
TCCCGTGTGCAATTTG-1,0.000019,0.999981
TCCCTGGCGTATTAAC-1,0.00035,0.99965
TCCCTGGCTCGCTGGA-1,0.00001,0.99999
TCCCTTAGATTACTCG-1,0.0001,0.9999
TCCGAACTTGGCTTAC-1,0.000007,0.999993
TCCGAAGTAGTCACCA-1,0.000028,0.999972
TCCGATAATTGCCATA-1,0.000045,0.999955
TCCGATGACTGAGCTC-1,0.000188,0.999812
TCCGATTACATTGCCG-1,0.00001,0.99999
TCCGCAGCCACCTAGC-1,0.000061,0.999939
TCCGCGGCAGCATCTG-1,0.000026,0.999974
TCCGCTGTCATCCCGG-1,0.000005,0.999995
TCCGCTTATCCCATTA-1,0.00003,0.99997
TCCGGAGGAAGGGCTG-1,0.000045,0.999955
TCCGGCCTAGCGTACA-1,0.00003,0.99997
TCCGTAACCACAATCC-1,0.00001,0.99999
TCCGTTTAGCCTTGAA-1,0.000051,0.999949
TCCTAAATTGGGAAGC-1,0.000142,0.999858
TCCTACATCCACGGCC-1,0.000025,0.999975
TCCTAGCAAAGAAGCT-1,0.000077,0.999923
TCCTCCTAAGACATTC-1,0.000175,0.999825
TCCTCGGGCTGGGCTT-1,0.000015,0.999985
TCCTCTACGAGATGGC-1,0.000019,0.999981
TCCTCTCCAGTTGTCC-1,0.000007,0.999993
TCCTCTGGCCCATTAG-1,0.000076,0.999924
TCCTGCCAACTGGAGA-1,0.000114,0.999886
TCCTGCGTTGATACTC-1,0.000011,0.999989
TCCTGGCGCTGCCTGG-1,0.000029,0.999971
TCCTTCAGTGGTCGAA-1,0.000719,0.999281
TCCTTGTCCTTTAATT-1,0.000092,0.999908
TCCTTTAAATCCGCTT-1,0.000149,0.999851
TCCTTTCTTACGCTTA-1,0.000055,0.999945
TCGACAACTGAACCCG-1,0.000398,0.999602
TCGATAGGCTAGTCGC-1,0.000123,0.999877
TCGATTTACGAAACGA-1,0.000048,0.999952
TCGCAAAGATGCATTT-1,0.00001,0.99999
TCGCACCAGGAGGCAG-1,0.000538,0.999462
TCGCATCCCTAAGTGT-1,0.000055,0.999945
TCGCATTCAATGACTT-1,0.000163,0.999837
TCGCCCAACTGACTCC-1,0.000138,0.999862
TCGCCCACTGCGAGAG-1,0.000097,0.999903
TCGCCGAAGTTGCGTC-1,0.000049,0.999951
TCGCCGCACCGCGTGA-1,0.00003,0.99997
TCGCCGGATGGGCAAG-1,0.000025,0.999975
TCGCCGGTCGATCCGT-1,0.000004,0.999996
TCGCCTCGACCTGTTG-1,0.014286,0.985714
TCGCGTCCAGAAGGTC-1,0.000021,0.999979
TCGCTAAACCGCTATC-1,0.000027,0.999973
TCGCTCGATATATTCC-1,0.000046,0.999954
TCGCTGGGCGGATTGT-1,0.000141,0.999859
TCGCTGTGCGTAAATC-1,0.000022,0.999978
TCGCTTAATTACGAAG-1,0.000022,0.999978
TCGCTTTAAACGTTTG-1,0.000031,0.999969
TCGGAATGCGCTCTGA-1,0.000014,0.999986
TCGGACGCCCAGCCCA-1,0.00001,0.99999
TCGGAGAGTATCGGGA-1,0.000071,0.999929
TCGGAGTACATGAGTA-1,0.000014,0.999986
TCGGCGTACTGCACAA-1,0.000125,0.999875
TCGGGATTCAAACATA-1,0.000058,0.999942
TCGGGCCGTCGTGGTA-1,0.000044,0.999956
TCGGTCCCGACAATAG-1,0.000048,0.999952
TCGGTCCCTGACTCCA-1,0.001087,0.998913
TCGTAAGACGACATTG-1,0.000052,0.999948
TCGTATTACCCATTGC-1,0.000007,0.999993
TCGTCACACTGTTAGC-1,0.000064,0.999936
TCGTCCGCTGGCGTCT-1,0.000037,0.999963
TCGTCCGGGTACACTC-1,0.000022,0.999978
TCGTCTTAGGCGTTAA-1,0.00125,0.99875
TCGTGTACTATGGATG-1,0.000098,0.999902
TCGTGTCACGCTGACA-1,0.000025,0.999975
TCGTTGACAGGGTCCC-1,0.000035,0.999965
TCGTTGGCTCGTCAAT-1,0.000032,0.999968
TCTAAAGAACAGTCTC-1,0.000012,0.999988
TCTAATACTGCCTCAG-1,0.000119,0.999881
TCTACCGTCCACAAGC-1,0.000095,0.999905
TCTAGCAATCTCCGCC-1,0.00004,0.99996
TCTAGCATCTTCGATG-1,0.000042,0.999958
TCTAGCATGCCCAGAA-1,0.000007,0.999993
TCTAGGTGGCGACGCT-1,0.000026,0.999974
TCTATCATGCAGTTAC-1,0.000026,0.999974
TCTATCGGTCGCAACA-1,0.00005,0.99995
TCTATTACGCTGGCGA-1,0.000027,0.999973
TCTATTACTAGAGGAT-1,0.000032,0.999968
TCTCATGAGATAGGGT-1,0.000022,0.999978
TCTCCAACGTAGGTTA-1,0.000115,0.999885
TCTCCCTGGGCAGCGT-1,0.00004,0.99996
TCTCGAACGAGGTCAC-1,0.000056,0.999944
TCTCGGCTCCAGGACT-1,0.000066,0.999934
TCTCGTGTTACGAGGA-1,0.000052,0.999948
TCTGAACCGGTCGGCT-1,0.000023,0.999977
TCTGAAGCACGTGGTC-1,0.002381,0.997619
TCTGAATTCCGTACAA-1,0.000042,0.999958
TCTGACTGTAATGGTT-1,0.000066,0.999934
TCTGATGTATTCTGTC-1,0.000415,0.999585
TCTGCAGATTCGAGTC-1,0.000015,0.999985
TCTGCCAGAAACTGCA-1,0.000007,0.999993
TCTGCGTCCGGTTTCT-1,0.000068,0.999932
TCTGGCGCAAGCCGGG-1,0.000006,0.999994
TCTGGGTAGCGCTCAT-1,0.000029,0.999971
TCTGTCATACAAGAGC-1,0.0001,0.9999
TCTGTGATGGAGGTTG-1,0.000064,0.999936
TCTGTGCCATCATAGT-1,0.000024,0.999976
TCTTAACTCGGATGTA-1,0.000077,0.999923
TCTTACAGAGGTACCG-1,0.00031,0.99969
TCTTACCGGAACTCGT-1,0.000032,0.999968
TCTTACGGCATCCGAC-1,0.000074,0.999926
TCTTACTTATGCCTCT-1,0.000073,0.999927
TCTTCCCATGGGCACA-1,0.000033,0.999967
TCTTCGAATAGACGTT-1,0.000025,0.999975
TCTTCGATACCAATAA-1,0.000155,0.999845
TCTTGATGCGTAGCGA-1,0.000284,0.999716
TCTTGCTCCCGATACT-1,0.00005,0.99995
TCTTGGTAACACCAAA-1,0.000174,0.999826
TCTTTAAGACTATGAA-1,0.000034,0.999966
TGAAACTTATGCAAGC-1,0.000055,0.999945
TGAAAGGACCTGACTC-1,0.000019,0.999981
TGAAGAGCGGTCCTAG-1,0.004,0.996
TGAAGTAGCTTACGGA-1,0.000893,0.999107
TGAATTTCACTTGCCT-1,0.000082,0.999918
TGACACTTCTCTTTGC-1,0.000067,0.999933
TGACAGGACAAGTCCA-1,0.000031,0.999969
TGACATATATGACGAT-1,0.000149,0.999851
TGACATCGAGCGGACC-1,0.000035,0.999965
TGACATGTAACGTGAC-1,0.000019,0.999981
TGACCAAATCTTAAAC-1,0.000018,0.999982
TGACCAGCTTCAAAGT-1,0.000435,0.999565
TGACGAATATTTCCCT-1,0.000043,0.999957
TGACGATGCACTAGAA-1,0.00002,0.99998
TGACTATAATCCTTTC-1,0.000028,0.999972
TGACTCCGAATCATAC-1,0.000476,0.999524
TGAGACGTACCTCTCA-1,0.000038,0.999962
TGAGAGATTTACCACG-1,0.000036,0.999964
TGAGATTAGGCCCTAA-1,0.000025,0.999975
TGAGCCATACAGTCTC-1,0.00004,0.99996
TGAGCGGAAAGTGTTC-1,0.000024,0.999976
TGAGCTTTAATGACGC-1,0.000039,0.999961
TGAGGAGTGCCAGCTT-1,0.000159,0.999841
TGAGGCATGTACTGTG-1,0.000032,0.999968
TGAGTGGTCCGTGACG-1,0.000026,0.999974
TGATCAGGGAACTGCT-1,0.000006,0.999994
TGATCTACGCTGATCT-1,0.000014,0.999986
TGATGGGACTAAGTCA-1,0.000641,0.999359
TGATTATGGCACGCAG-1,0.000014,0.999986
TGATTCAGGTCCCGCG-1,0.000027,0.999973
TGATTCGTCTATCACT-1,0.000029,0.999971
TGATTTATTAGCTGTG-1,0.000023,0.999977
TGATTTCCTCCTGACG-1,0.000045,0.999955
TGCAAAGTTCGTCTGT-1,0.000117,0.999883
TGCAAGAATGACGTAA-1,0.000021,0.999979
TGCACTATGTGAGTGC-1,0.0125,0.9875
TGCAGAACTATATCGT-1,0.000017,0.999983
TGCAGATCGTCCTAGG-1,0.00003,0.99997
TGCAGCTACGTACTTC-1,0.000027,0.999973
TGCAGGATCGGCAAAG-1,0.000498,0.999502
TGCAGTTTCCTCCCAT-1,0.00002,0.99998
TGCATATGTCTGTCAC-1,0.000034,0.999966
TGCATGGATCGGATCT-1,0.000151,0.999849
TGCATGTGGTAATCTA-1,0.000034,0.999966
TGCCAAAGTCAGACTT-1,0.000028,0.999972
TGCCACCTGGCGAAAC-1,0.000056,0.999944
TGCCATTACTAAAGAA-1,0.000031,0.999969
TGCCCGTACCGTTAAA-1,0.000004,0.999996
TGCCGTGGATCGTCCT-1,0.00002,0.99998
TGCCGTGGGACCCAAT-1,0.00001,0.99999
TGCCTGACATCGGTCA-1,0.000044,0.999956
TGCCTGATCAAACGAT-1,0.000229,0.999771
TGCCTTGGCCAGGCAA-1,0.000654,0.999346
TGCGAATATGGGATTT-1,0.000071,0.999929
TGCGAGAAACGTTACG-1,0.00027,0.99973
TGCGAGATGGCGGCCA-1,0.000061,0.999939
TGCGATGCTAATGGCT-1,0.000943,0.999057
TGCGCAAAGCATTTGG-1,0.000036,0.999964
TGCGCGATTAACGGAG-1,0.000035,0.999965
TGCGGAGTAAAGGTGC-1,0.000079,0.999921
TGCGGTGAAATTTCAT-1,0.000042,0.999958
TGCGTCATGACTGAGC-1,0.00006,0.99994
TGCGTGATTGGGTGTC-1,0.000571,0.999429
TGCGTTTGTTGACACT-1,0.000014,0.999986
TGCTAAGTGTCTATTT-1,0.000318,0.999682
TGCTCGGCGAAACCCA-1,0.000012,0.999988
TGCTCTTGAGAGTTTG-1,0.000047,0.999953
TGCTGCGTCAGAGTTA-1,0.00003,0.99997
TGCTGGTTGGACAATT-1,0.000034,0.999966
TGCTGTTGAAGAACTC-1,0.000032,0.999968
TGCTTCCCAAGCAGTA-1,0.000013,0.999987
TGCTTGAAACCATGCA-1,0.000011,0.999989
TGGAAACGGAGTGAAC-1,0.00017,0.99983
TGGAACCACTGACACA-1,0.000035,0.999965
TGGAAGAAGGGAACGT-1,0.000023,0.999977
TGGAAGACGAACACCA-1,0.000047,0.999953
TGGAAGGATAAAGATG-1,0.000158,0.999842
TGGAATTAGACGCTTT-1,0.000023,0.999977
TGGACACCGTTGCTTG-1,0.001111,0.998889
TGGACCACGGCGTTGA-1,0.000082,0.999918
TGGACGCAATCCAGCC-1,0.000163,0.999837
TGGACGTAGGCGAATC-1,0.000917,0.999083
TGGACTGTTCGCTCAA-1,0.000004,0.999996
TGGAGTGATGCGATGA-1,0.000018,0.999982
TGGATAGAGTAACAGA-1,0.0125,0.9875
TGGCAAACTAAATTAC-1,0.000649,0.999351
TGGCAACTCGCGCGCC-1,0.000041,0.999959
TGGCACGAGCTCGAGT-1,0.000452,0.999548
TGGCAGATTACGATCA-1,0.000113,0.999887
TGGCAGCAGTAATAGT-1,0.00002,0.99998
TGGCATGAAGTTTGGG-1,0.000099,0.999901
TGGCCAAACTGAAGTA-1,0.000012,0.999988
TGGCCAATTTGGTACT-1,0.000015,0.999985
TGGCCGTATATTGACC-1,0.000016,0.999984
TGGCGGTGTGCGATTG-1,0.000134,0.999866
TGGCTATGTGACATAC-1,0.000113,0.999887
TGGCTCTTGTCGCGTA-1,0.000224,0.999776
TGGGAAATGCCTTTCC-1,0.000035,0.999965
TGGGACCATTGGGAGT-1,0.00125,0.99875
TGGGATGCACTCATTC-1,0.000173,0.999827
TGGGCACAAACAGAAC-1,0.000012,0.999988
TGGGCACGTTCTATGG-1,0.001389,0.998611
TGGGCCACAAGAGCGC-1,0.000035,0.999965
TGGGCCCATACTAATT-1,0.000023,0.999977
TGGGCCTTGCCTGCAT-1,0.005882,0.994118
TGGGCGATACAATAAG-1,0.000013,0.999987
TGGGTAAGGTTCCCGC-1,0.000337,0.999663
TGGGTGGGATGTCATT-1,0.000397,0.999603
TGGGTGTTAAGTAGAA-1,0.000006,0.999994
TGGTAAGCAGGATTGA-1,0.00008,0.99992
TGGTCCCACGCTACGG-1,0.000031,0.999969
TGGTCGTGCAAGGCAA-1,0.000023,0.999977
TGGTCTAGCTTACATG-1,0.007692,0.992308
TGGTCTGTTGGGCGTA-1,0.000015,0.999985
TGGTTAACTTACATTT-1,0.000038,0.999962
TGGTTCAACGGGTAAT-1,0.000025,0.999975
TGGTTGGAGGATCCTG-1,0.000365,0.999635
TGTAATGACCACAATA-1,0.000021,0.999979
TGTACCCGACCCTAAT-1,0.000061,0.999939
TGTACGAACAAATCCG-1,0.000041,0.999959
TGTAGGAGAAATTTCC-1,0.000029,0.999971
TGTAGTGATCTATAAT-1,0.000015,0.999985
TGTATAACAGATCCTG-1,0.000024,0.999976
TGTATCAGACTGAAGC-1,0.000078,0.999922
TGTATCCTTATTCCAT-1,0.000172,0.999828
TGTATGGCGCAGACAG-1,0.000099,0.999901
TGTATTTACCTAATGC-1,0.000074,0.999926
TGTCCGTGGCGCCTTT-1,0.000043,0.999957
TGTCCTAAGTCACCGC-1,0.00001,0.99999
TGTCGGCATGGTGGAA-1,0.000051,0.999949
TGTCGTGGGTATAGGC-1,0.000116,0.999884
TGTCGTTATCACATAT-1,0.000505,0.999495
TGTGACTACGCCAGTC-1,0.000062,0.999938
TGTGAGACTAGCCCAA-1,0.000015,0.999985
TGTGCTTTACGTAAGA-1,0.00003,0.99997
TGTGGCAAAGCGTATG-1,0.000018,0.999982
TGTGGCGGGCTTCTGG-1,0.000124,0.999876
TGTGTCGCGAGTTGCA-1,0.000017,0.999983
TGTGTTCGTATCCAAG-1,0.000023,0.999977
TGTTATTGTATGTGGC-1,0.000031,0.999969
TGTTCATAAATGTGCT-1,0.000034,0.999966
TGTTCCGCTTCCATGA-1,0.000023,0.999977
TGTTCCGGCCTGAGCT-1,0.000022,0.999978
TGTTCGTATTGCGGTG-1,0.000021,0.999979
TGTTCTCTACTCCCTA-1,0.000036,0.999964
TGTTCTTCCATTGACT-1,0.000023,0.999977
TGTTGTCAAGAAGTCT-1,0.000037,0.999963
TGTTTAATACTTCATC-1,0.000071,0.999929
TGTTTCGGTACTTCTC-1,0.00026,0.99974
TGTTTCTGAAGCGTGC-1,0.000047,0.999953
TTAAACAGAGTCCCGC-1,0.000139,0.999861
TTAAACTCGAATTCAT-1,0.000033,0.999967
TTAACACCTCGAACAT-1,0.000019,0.999981
TTAACGTTAAAGCCTG-1,0.000029,0.999971
TTAACTTCAGGTAGGA-1,0.00002,0.99998
TTAAGACGAACGAACC-1,0.000245,0.999755
TTAAGCCGACAACTTC-1,0.000317,0.999683
TTAAGCGCCTGACCCA-1,0.00006,0.99994
TTAAGGATACGGAGGT-1,0.000063,0.999937
TTAATCAGTACGTCAG-1,0.000787,0.999213
TTAATGTAGACCAGGT-1,0.000028,0.999972
TTAATGTGTTTGCAGG-1,0.00003,0.99997
TTAATTTCAGACGCGG-1,0.000794,0.999206
TTACAGACCTAAATGA-1,0.000028,0.999972
TTACATCGTGGCCTGG-1,0.000009,0.999991
TTACCATTGATTACCC-1,0.000018,0.999982
TTACCCATTGCCGGGT-1,0.000083,0.999917
TTACCCTAACAGTCCT-1,0.000031,0.999969
TTACCCTAGGGATTGG-1,0.000196,0.999804
TTACCGCCTTAGGGAA-1,0.000081,0.999919
TTACGGATGGTTCGAG-1,0.000049,0.999951
TTACTAAAGGACTTTA-1,0.00003,0.99997
TTACTATCGGCTTCTC-1,0.000192,0.999808
TTACTCCGGCCGGGAA-1,0.000004,0.999996
TTACTCTGGTACGTAC-1,0.00003,0.99997
TTAGAAGAACATGACT-1,0.000011,0.999989
TTAGACACGATCGTTG-1,0.00014,0.99986
TTAGACGAGTCACCTC-1,0.000013,0.999987
TTAGAGTTTAGAAGGA-1,0.000032,0.999968
TTAGATAGGTCGATAC-1,0.000077,0.999923
TTAGCAACATGGATGT-1,0.000035,0.999965
TTAGCTAATACGATCT-1,0.000023,0.999977
TTAGCTGATTTGCCGT-1,0.000037,0.999963
TTAGTAGGGCGGCGGG-1,0.000011,0.999989
TTAGTTATTCGTGGCA-1,0.000037,0.999963
TTATAGTCCAAGGTGC-1,0.000042,0.999958
TTATATACGCTGTCAC-1,0.000013,0.999987
TTATATTTGGCAATCC-1,0.000031,0.999969
TTATCCAATCGAACTC-1,0.000267,0.999733
TTATCCGGGATCTATA-1,0.000037,0.999963
TTATCCTCAAGGAATA-1,0.000027,0.999973
TTATCGCCTGCGAAGC-1,0.000047,0.999953
TTATCTGACATTAGGA-1,0.000047,0.999953
TTATCTGTATCATAAC-1,0.000065,0.999935
TTATGAATGAAAGGGA-1,0.000012,0.999988
TTATGACAAACTGGAT-1,0.000017,0.999983
TTATGATCTTAACGAA-1,0.000014,0.999986
TTATGTTTGCGATAGA-1,0.000045,0.999955
TTATTAGAGCGTGTTC-1,0.000025,0.999975
TTATTAGGGAAGCATC-1,0.000074,0.999926
TTCAAAGTCTCTAGCC-1,0.000015,0.999985
TTCAAGCCGAGCTGAG-1,0.000171,0.999829
TTCAATACTCTGAATC-1,0.000036,0.999964
TTCACTCGAGCACCTA-1,0.000081,0.999919
TTCAGCCCTGGTCCAC-1,0.000012,0.999988
TTCAGGCGTCAAAGCC-1,0.000019,0.999981
TTCAGTTTGTGGCAGC-1,0.000063,0.999937
TTCATAGCCTTGTAAC-1,0.000035,0.999965
TTCATAGGGTGTCCAT-1,0.000113,0.999887
TTCATGGCGCAACAGG-1,0.000049,0.999951
TTCCAATCAGAGCTAG-1,0.000032,0.999968
TTCCATCATGCGGTGA-1,0.000083,0.999917
TTCCCGGCGCCAATAG-1,0.000141,0.999859
TTCCGCAGAGAAATAT-1,0.000019,0.999981
TTCCGCGTGAGGCGAT-1,0.00001,0.99999
TTCCGGCTCGACTTCT-1,0.000019,0.999981
TTCCGGTTACCCACTT-1,0.000039,0.999961
TTCCTCGGACTAACCA-1,0.00001,0.99999
TTCCTCTGCCCGAATA-1,0.000038,0.999962
TTCCTTTCTGTGTTGC-1,0.000041,0.999959
TTCGACAGAGCCCGTG-1,0.000047,0.999953
TTCGACGGGAAGGGCG-1,0.00011,0.99989
TTCGAGCCGGCGCTAC-1,0.000034,0.999966
TTCGCACTGTACGACA-1,0.000036,0.999964
TTCGCATCCGGAAGCA-1,0.000041,0.999959
TTCGCCGCTCGCGCTA-1,0.000034,0.999966
TTCGCTATCTGACGTG-1,0.00002,0.99998
TTCGGACTGATGCCTT-1,0.000046,0.999954
TTCGGACTGGGCATGG-1,0.000578,0.999422
TTCGGCAACCCGCTGA-1,0.000364,0.999636
TTCGGCTAGAGATGGT-1,0.000084,0.999916
TTCGGGACTAATCGCG-1,0.000006,0.999994
TTCGGTACTGTAGAGG-1,0.000008,0.999992
TTCGTAATCCCAGCGG-1,0.000073,0.999927
TTCGTACTCCAGAACG-1,0.000022,0.999978
TTCGTTCAACGAAGTT-1,0.000106,0.999894
TTCTAACCGAAGCTTA-1,0.000042,0.999958
TTCTACTTGCGAGGGC-1,0.000028,0.999972
TTCTAGGCCAATTGTG-1,0.000097,0.999903
TTCTCAATTGCTACAA-1,0.000101,0.999899
TTCTCTTACAGGTGAT-1,0.00004,0.99996
TTCTGACCGGGCTCAA-1,0.00014,0.99986
TTCTGCCGCGCCTAGA-1,0.000048,0.999952
TTCTGCGAGCGCCCTT-1,0.000145,0.999855
TTCTGCGGGTTAGCGG-1,0.000017,0.999983
TTCTGCTAGACTCCAA-1,0.000074,0.999926
TTCTGTTTCCTGTCGC-1,0.000287,0.999713
TTCTTAGTGAACGGTG-1,0.000048,0.999952
TTCTTAGTGGCTCAGA-1,0.000037,0.999963
TTCTTGGACGATCTGC-1,0.000114,0.999886
TTCTTGGAGTAATGAG-1,0.000023,0.999977
TTCTTGTAACCTAATG-1,0.000025,0.999975
TTCTTGTGTCCATCAG-1,0.000097,0.999903
TTCTTTGGTCGCGACG-1,0.000117,0.999883
TTGAACGAATCCTTTG-1,0.00005,0.99995
TTGAACGACGTGCTGA-1,0.000128,0.999872
TTGAAGGATGGGCGCC-1,0.000046,0.999954
TTGAATATGGACTTTC-1,0.000021,0.999979
TTGAATCGTTGTATAA-1,0.00002,0.99998
TTGAATTCACGTGAGG-1,0.00005,0.99995
TTGACATGAACGTGGA-1,0.000028,0.999972
TTGACCATGTTCTCCG-1,0.000043,0.999957
TTGACCGTGTTAATGA-1,0.000107,0.999893
TTGACGATTCAGCACG-1,0.000218,0.999782
TTGACTACCATATGGT-1,0.000111,0.999889
TTGAGAAGTTTAGCAT-1,0.000654,0.999346
TTGAGAGTACTGCTAA-1,0.000041,0.999959
TTGATGTGTAGTCCCG-1,0.000033,0.999967
TTGATTAGCTGTTTCT-1,0.00006,0.99994
TTGATTATGCAGATGA-1,0.000018,0.999982
TTGCAAGAAGACTCCT-1,0.00002,0.99998
TTGCACGGAGCAGCAC-1,0.000021,0.999979
TTGCATGCTGATCACG-1,0.000023,0.999977
TTGCCATAGCCCGCTC-1,0.000565,0.999435
TTGCCCTGATCACGGG-1,0.00002,0.99998
TTGCCGCAGACCTACA-1,0.000247,0.999753
TTGCCGGTGATCCCTC-1,0.000148,0.999852
TTGCGCTCTCTCGCTT-1,0.000229,0.999771
TTGCGTAGTTTGAGGA-1,0.000039,0.999961
TTGCGTGAACGCTTAG-1,0.000028,0.999972
TTGCTCCCATACCGGA-1,0.000079,0.999921
TTGCTGAAGGAACCAC-1,0.000095,0.999905
TTGCTGATCATGTTCG-1,0.000246,0.999754
TTGCTGCACCTATCCA-1,0.000038,0.999962
TTGCTGGCCGGGCTTC-1,0.000195,0.999805
TTGGAAGAATACAGTC-1,0.000064,0.999936
TTGGACATGTGGCTTA-1,0.000021,0.999979
TTGGACCTATAACAGT-1,0.000746,0.999254
TTGGAGTCTCCCTTCT-1,0.000106,0.999894
TTGGCCATCTTGCGCT-1,0.000041,0.999959
TTGGCCTAGAATTTCG-1,0.000084,0.999916
TTGGCTCGCATGAGAC-1,0.000022,0.999978
TTGGGAAGACGAGCCG-1,0.000009,0.999991
TTGGGACACTGCCCGC-1,0.000568,0.999432
TTGGGCGGCGGTTGCC-1,0.000016,0.999984
TTGGGTTTATTCAGCG-1,0.000214,0.999786
TTGGTTGCGGTGCGCG-1,0.000909,0.999091
TTGTAAGGACCTAAGT-1,0.000021,0.999979
TTGTAAGGCCAGTTGG-1,0.000023,0.999977
TTGTATCACACAGAAT-1,0.000606,0.999394
TTGTCACCGCGGTATC-1,0.000069,0.999931
TTGTCGTTCAGTTACC-1,0.000149,0.999851
TTGTGAACCTAATCCG-1,0.000139,0.999861
TTGTGAGGCATGACGC-1,0.000267,0.999733
TTGTGGCCCTGACAGT-1,0.000039,0.999961
TTGTGGTAGGAGGGAT-1,0.000028,0.999972
TTGTGTATGCCACCAA-1,0.000032,0.999968
TTGTGTTTCCCGAAAG-1,0.000083,0.999917
TTGTTAGCAAATTCGA-1,0.00001,0.99999
TTGTTCAGTGTGCTAC-1,0.000032,0.999968
TTGTTCTAGATACGCT-1,0.000094,0.999906
TTGTTGTGTGTCAAGA-1,0.000004,0.999996
TTGTTTCCATACAACT-1,0.000012,0.999988
