Barcode,Topic 1to2,Topic 3to8
AAACAAGTATCTCCCA-1,0.12003,0.87997
AAACACCAATAACTGC-1,0.382182,0.617818
AAACAGAGCGACTCCT-1,0.918435,0.081565
AAACAGCTTTCAGAAG-1,0.885374,0.114626
AAACAGGGTCTATATT-1,0.44685,0.55315
AAACATGGTGAGAGGA-1,0.167296,0.832704
AAACATTTCCCGGATT-1,0.08419,0.91581
AAACCGGGTAGGTACC-1,0.547062,0.452938
AAACCGTTCGTCCAGG-1,0.548871,0.451129
AAACCTAAGCAGCCGG-1,0.153233,0.846767
AAACCTCATGAAGTTG-1,0.793099,0.206901
AAACGAAGATGGAGTA-1,0.001647,0.998353
AAACGAGACGGTTGAT-1,0.805347,0.194653
AAACGGGCGTACGGGT-1,0.000126,0.999874
AAACTGCTGGCTCCAA-1,0.341919,0.658081
AAACTTAATTGCACGC-1,0.35849,0.64151
AAACTTGCAAACGTAT-1,0.534923,0.465077
AAAGAATGACCTTAGA-1,0.19,0.81
AAAGACTGGGCGCTTT-1,0.94377,0.05623
AAAGGCCCTATAATAC-1,0.02686,0.97314
AAAGTAGCATTGCTCA-1,0.069454,0.930546
AAAGTCGACCCTCAGT-1,0.582706,0.417294
AAAGTGTGATTTATCT-1,0.158457,0.841543
AAAGTTGACTCCCGTA-1,0.225397,0.774603
AAATAACCATACGGGA-1,0.565912,0.434088
AAATACCTATAAGCAT-1,0.752652,0.247348
AAATAGGGTGCTATTG-1,0.942455,0.057545
AAATCCGATACACGCC-1,0.081158,0.918842
AAATCGCGGAAGGAGT-1,0.017873,0.982127
AAATCTAGCCCTGCTA-1,0.234077,0.765923
AAATGGCATGTCTTGT-1,0.715406,0.284594
AAATGGCCCGTGCCCT-1,0.999197,0.000803
AAATGTATCTTATCCC-1,0.982526,0.017474
AAATTAATAAGCGCGA-1,0.7023,0.2977
AAATTACACGACTCTG-1,0.507632,0.492368
AAATTACCTATCGATG-1,0.07793,0.92207
AAATTGATAGTCCTTT-1,0.127931,0.872069
AAATTGCGGCGGTTCT-1,0.550829,0.449171
AAATTTACCGAAATCC-1,0.919032,0.080968
AAATTTGCGGGTGTGG-1,0.86593,0.13407
AACAATACATTGTCGA-1,0.020826,0.979174
AACAATTACTCTACGC-1,0.55766,0.44234
AACACACGCTCGCCGC-1,0.345101,0.654899
AACACGAGACGCGGCC-1,0.434945,0.565055
AACAGCTGTGTGGCAA-1,0.000108,0.999892
AACAGGAAATCGAATA-1,0.818096,0.181904
AACAGGATGGGCCGCG-1,0.007111,0.992889
AACATATCAACTGGTG-1,0.345923,0.654077
AACATTGGTCAGCCGT-1,0.343289,0.656711
AACCAAGACTTCTCTG-1,0.156767,0.843233
AACCAGTATCACTCTT-1,0.78288,0.21712
AACCATAGGGTTGAAC-1,0.297563,0.702437
AACCCATCCCATGATC-1,0.364234,0.635766
AACCCGACAACCCGTG-1,0.196759,0.803241
AACCCTACTGTCAATA-1,0.757928,0.242072
AACCCTGGTGGAACCA-1,0.014342,0.985658
AACCGAGCTTGGTCAT-1,0.88915,0.11085
AACCGCTAAGGGATGC-1,0.612819,0.387181
AACCTCGCTTTAGCCC-1,0.242841,0.757159
AACCTTTAAATACGGT-1,0.999148,0.000852
AACCTTTACGACGTCT-1,0.998752,0.001248
AACGAAAGTCGTCCCA-1,0.609316,0.390684
AACGATAATGCCGTAG-1,0.7331,0.2669
AACGATATGTCAACTG-1,0.884188,0.115812
AACGCATGATCTGGGT-1,0.22947,0.77053
AACGCGGTCTCCAGCC-1,0.36619,0.63381
AACGCTGTTGCTGAAA-1,0.380061,0.619939
AACGGACGTACGTATA-1,0.481102,0.518898
AACGGCCATCTCCGGT-1,0.368918,0.631082
AACGTGATGAAGGACA-1,0.378957,0.621043
AACGTGCGAAAGTCTC-1,0.856083,0.143917
AACGTTATCAGCACCT-1,0.536954,0.463046
AACTAGGCTTGGGTGT-1,0.419312,0.580688
AACTCCAGAGCGTGTT-1,0.006689,0.993311
AACTCCTAATCCCATG-1,0.68293,0.31707
AACTCGATAAACACGT-1,0.131559,0.868441
AACTCTCAATAGAGCG-1,0.834997,0.165003
AACTCTCAGTGTGCTC-1,0.100698,0.899302
AACTGATATTAGGCCT-1,0.45517,0.54483
AACTGGGTCCCGACGT-1,0.998939,0.001061
AACTGGGTTCGAGCCG-1,0.505836,0.494164
AACTTCTGCGTCTATC-1,0.656027,0.343973
AACTTGCCCGTATGCA-1,0.602305,0.397695
AACTTGCGTTCTCGCG-1,0.399104,0.600896
AACTTTACGGGAGCTT-1,0.982928,0.017072
AAGACCAAATAACTCA-1,0.432288,0.567712
AAGACTGCAAGCTACT-1,0.101796,0.898204
AAGAGATGAATCGGTA-1,0.000063,0.999937
AAGAGCTCTTTATCGG-1,0.846637,0.153363
AAGAGGATGTACGCGA-1,0.718841,0.281159
AAGAGGCATGGATCGC-1,0.677958,0.322042
AAGATGGCACCGGACC-1,0.060999,0.939001
AAGATTGGCGGAACGT-1,0.901795,0.098205
AAGCACCCTGCGTATC-1,0.792509,0.207491
AAGCATACTCTCCTGA-1,0.558564,0.441436
AAGCCGCCGTGAAATC-1,0.021379,0.978621
AAGCGTCCCTCATCGA-1,0.10379,0.89621
AAGCTAGATCGAGTAA-1,0.032056,0.967944
AAGCTCGTGCCAAGTC-1,0.999489,0.000511
AAGCTCTTTCATGGTG-1,0.278138,0.721862
AAGGATGAGGGACCTC-1,0.988648,0.011352
AAGGGAACGACTGGCT-1,0.191531,0.808469
AAGGGACAGATTCTGT-1,0.238707,0.761293
AAGGGACTATGCATTC-1,0.038078,0.961922
AAGGGTTTGATTTCAG-1,0.080493,0.919507
AAGGTATCCTAATATA-1,0.812892,0.187108
AAGGTGATAAACCAGC-1,0.539925,0.460075
AAGTAGTGACGCGAGG-1,0.802374,0.197626
AAGTCAATTGTCGTCA-1,0.063241,0.936759
AAGTCTTCTGTGGCCT-1,0.996537,0.003463
AAGTGACGACCGAATT-1,0.993294,0.006706
AAGTGAGTCGGGTTTA-1,0.20833,0.79167
AAGTGCAAAGGTAGAC-1,0.776203,0.223797
AAGTGCCTTGACTGTA-1,0.194321,0.805679
AAGTGCGTTAGAATCT-1,0.797952,0.202048
AAGTGTTTGGAGACGG-1,0.513795,0.486205
AAGTTCACTCCAAGCT-1,0.398119,0.601881
AAGTTCGGCCAACAGG-1,0.838882,0.161118
AAGTTGTGATGTTATA-1,0.312431,0.687569
AATAACAACGCTCGGC-1,0.812038,0.187962
AATAACACTAGAACAA-1,0.000048,0.999952
AATAAGTCCTCGAGAC-1,0.144499,0.855501
AATACAATGTTTCAGG-1,0.496552,0.503448
AATACCGGAGGGCTGT-1,0.289674,0.710326
AATAGAATCTGTTTCA-1,0.728145,0.271855
AATAGTCGCGAGTCGG-1,0.999616,0.000384
AATATCCTAGCAAACT-1,0.805303,0.194697
AATATCGAGGGTTCTC-1,0.26063,0.73937
AATATTGGAGTATTGA-1,0.780349,0.219651
AATCATGTAAAGACTC-1,0.079234,0.920766
AATCGCCTCAGCGCCA-1,0.879933,0.120067
AATCTAGGTTTACTTG-1,0.881092,0.118908
AATCTCTACTGTGGTT-1,0.995276,0.004724
AATCTGCGTTGGGACG-1,0.543599,0.456401
AATCTGGCTTTCTAGT-1,0.942938,0.057062
AATCTGGGTAGACCCT-1,0.744785,0.255215
AATGACAGCAATGTCT-1,0.998936,0.001064
AATGACGTAGGATGTC-1,0.61674,0.38326
AATGAGTTCGCATATG-1,0.49278,0.50722
AATGATGATACGCTAT-1,0.550563,0.449437
AATGATGCGACTCCTG-1,0.142059,0.857941
AATGCACCAAGCAATG-1,0.421093,0.578907
AATGGTCCACCGTTCA-1,0.450409,0.549591
AATGTATGGCACTGTA-1,0.218194,0.781806
AATGTGCCCGAGGTGT-1,0.314336,0.685664
AATGTGCTAATCTGAG-1,0.182199,0.817801
AATTAACGGATTTCCA-1,0.402415,0.597585
AATTACGAGACCCATC-1,0.830392,0.169608
AATTACTCGTACGCTC-1,0.270536,0.729464
AATTAGCGCTGCAGCG-1,0.779525,0.220475
AATTCATAAGGGATCT-1,0.720026,0.279974
AATTCATTGTCATGCA-1,0.148922,0.851078
AATTCCAACTTGGTGA-1,0.181477,0.818523
AATTCTAGAGTTAGGC-1,0.794659,0.205341
AATTGAACGCTCTGGT-1,0.609119,0.390881
AATTGCAGCAATCGAC-1,0.120038,0.879962
AATTTGGGACATAGTA-1,0.650135,0.349865
AATTTGGTTCCAAAGA-1,0.566811,0.433189
ACAAACCATGCGTCCT-1,0.030969,0.969031
ACAAAGAAGGTAGGCC-1,0.996787,0.003213
ACAAAGCATGACCTAG-1,0.066307,0.933693
ACAAATCGCACCGAAT-1,0.873587,0.126413
ACAAATGGTAGTGTTT-1,0.941272,0.058728
ACAACAGCATGAGCTA-1,0.799731,0.200269
ACAAGCAGTGCCTAGC-1,0.50091,0.49909
ACAAGCTATATGGAAG-1,0.995607,0.004393
ACAAGGAAATCCGCCC-1,0.87837,0.12163
ACAAGGATGCTTTAGG-1,0.064483,0.935517
ACAAGGGCAGGCTCTG-1,0.427412,0.572588
ACAATAGTCGTACGTT-1,0.992333,0.007667
ACAATCCATTTAAACC-1,0.950703,0.049297
ACAATGAATACGGAGA-1,0.137672,0.862328
ACAATTGTGTCTCTTT-1,0.358545,0.641455
ACAATTTAGGAGGCTC-1,0.999021,0.000979
ACAATTTGAGCAGTGG-1,0.076868,0.923132
ACACACCAGGACCAGT-1,0.681725,0.318275
ACACATGATCAAATCT-1,0.069805,0.930195
ACACATTGACGCAACA-1,0.395429,0.604571
ACACCGAGCGCTCTTT-1,0.543222,0.456778
ACACCGGTCTGACCGC-1,0.132001,0.867999
ACACGAGACTCCTTCT-1,0.611596,0.388404
ACACGGCACTATGCAT-1,0.016989,0.983011
ACACGGGAACTTAGGG-1,0.999212,0.000788
ACACTCCAATGTCACT-1,0.510309,0.489691
ACAGAACTGAGAACAA-1,0.188349,0.811651
ACAGCGACATTCTCAT-1,0.168483,0.831517
ACAGCGCACCCGCAGC-1,0.926162,0.073838
ACAGGAGGCGCAGCCG-1,0.919507,0.080493
ACAGGCTTGCCCGACT-1,0.604769,0.395231
ACAGGTGGAGGTGAGG-1,0.147207,0.852793
ACAGGTGTGTTGTTGC-1,0.997392,0.002608
ACAGTAATACAACTTG-1,0.920367,0.079633
ACATAAGTCGTGGTGA-1,0.043017,0.956983
ACATCAGCTGGGACGC-1,0.867755,0.132245
ACATCCTGGTAACTGT-1,0.295792,0.704208
ACATCGATCGTTTACC-1,0.666321,0.333679
ACATCGGTCAGCCGCG-1,0.576459,0.423541
ACATCGTATGCAATGG-1,0.81861,0.18139
ACATCGTTAACCTAGT-1,0.515098,0.484902
ACATCTCAACGCGTAA-1,0.289884,0.710116
ACATGGCTCAATTTAG-1,0.79255,0.20745
ACATTAGTTTATATCC-1,0.000247,0.999753
ACCAACCGCACTCCAC-1,0.204381,0.795619
ACCAATATGCAAGTTA-1,0.484635,0.515365
ACCACAACTCAGAACA-1,0.368585,0.631415
ACCACGTGCAGCTATA-1,0.684856,0.315144
ACCACTGTTCAAGAAG-1,0.139074,0.860926
ACCAGACCATAACAAC-1,0.997009,0.002991
ACCAGCCCGGTCTTTG-1,0.608347,0.391653
ACCAGTGCGGGAGACG-1,0.000049,0.999951
ACCATCCGCCAACTAG-1,0.856875,0.143125
ACCATTAAGGGTGTCA-1,0.362459,0.637541
ACCCAACGCCCGTGGC-1,0.99907,0.00093
ACCCACCTACATGCTC-1,0.000024,0.999976
ACCCATCTTGAGGGTA-1,0.687533,0.312467
ACCCATTTGTCCCTCT-1,0.281808,0.718192
ACCCGAGCGAAATTAC-1,0.000145,0.999855
ACCCGGAAACTCCCAG-1,0.315042,0.684958
ACCCGGATGACGCATC-1,0.041252,0.958748
ACCCTATAGGACTGAG-1,0.473853,0.526147
ACCCTATGCCATATCG-1,0.062424,0.937576
ACCCTCCCTTGCTATT-1,0.939487,0.060513
ACCCTTTAGTTCTCCA-1,0.037988,0.962012
ACCGAAGAGTCTGGTT-1,0.259322,0.740678
ACCGACACATCTCCCA-1,0.251482,0.748518
ACCGACTGAGTCCCAC-1,0.820953,0.179047
ACCGATGGTAGCATCG-1,0.728223,0.271777
ACCGCAATAACTGCCT-1,0.366889,0.633111
ACCGGGCCTTTGTTGA-1,0.638679,0.361321
ACCGGTCAGGTACACC-1,0.000136,0.999864
ACCGTCCACTGGGCCC-1,0.46804,0.53196
ACCGTGACCACGTGGG-1,0.058593,0.941407
ACCTAAGTACCTTTCA-1,0.049775,0.950225
ACCTAATCGACTTCCT-1,0.402861,0.597139
ACCTCGAACTTATGCT-1,0.462762,0.537238
ACCTGCGTGTCATGTT-1,0.027881,0.972119
ACGAAATGGGCGGCAC-1,0.750016,0.249984
ACGACTGGTCATACTC-1,0.000161,0.999839
ACGAGATATTTGCTTA-1,0.876466,0.123534
ACGAGGATACCACTCT-1,0.63769,0.36231
ACGAGGTTTACAACGT-1,0.484629,0.515371
ACGAGTCGCCGGCGTT-1,0.273053,0.726947
ACGATACATAGAACTA-1,0.735406,0.264594
ACGATACCTATCCTGA-1,0.388275,0.611725
ACGATCATACATAGAG-1,0.478136,0.521864
ACGATCATCTTGTAAA-1,0.071988,0.928012
ACGATGGATCCGATGC-1,0.501463,0.498537
ACGCAAACTAATAGAT-1,0.204664,0.795336
ACGCATACGTTTACTA-1,0.158544,0.841456
ACGCCAGATGATTTCT-1,0.815724,0.184276
ACGCCCAGCTGTCGAT-1,0.544263,0.455737
ACGCCGCTAGACGACC-1,0.680757,0.319243
ACGCCTGACACGCGCT-1,0.653825,0.346175
ACGCGCTACACAGGGT-1,0.630476,0.369524
ACGCGGGCCAAGGACA-1,0.245695,0.754305
ACGCGTTTCTTAAGAG-1,0.982932,0.017068
ACGCTAGTGATACACT-1,0.356922,0.643078
ACGCTGTGAGGCGTAG-1,0.992693,0.007307
ACGCTTAGTGTCTCTC-1,0.35731,0.64269
ACGGACTCTCAAAGCG-1,0.388382,0.611618
ACGGATGGTGCGGATA-1,0.01578,0.98422
ACGGCACTTGCTTGGG-1,0.169232,0.830768
ACGGCGACGATGGGAA-1,0.600752,0.399248
ACGGCTGGATGTAGAA-1,0.325252,0.674748
ACGGGAGTGTCGGCCC-1,0.927818,0.072182
ACGGGTCATGTGACTT-1,0.150222,0.849778
ACGTAGATTGCTGATG-1,0.620837,0.379163
ACGTATTACTCCGATC-1,0.593173,0.406827
ACGTCTCGTTCCGGGA-1,0.965708,0.034292
ACGTGACAAAGTAAGT-1,0.478071,0.521929
ACGTGGTCGAATGTGC-1,0.323712,0.676288
ACGTTAATGTCGAAGA-1,0.660295,0.339705
ACGTTAGATTTGCCCG-1,0.390085,0.609915
ACGTTATTGGTCACTC-1,0.60432,0.39568
ACGTTCGTTCAGGAAA-1,0.365658,0.634342
ACGTTCTGTACAAGTC-1,0.088197,0.911803
ACGTTTAGTTGTGATC-1,0.630953,0.369047
ACTACATCCCGACAAG-1,0.281231,0.718769
ACTAGTTGCGATCGTC-1,0.339069,0.660931
ACTATCGCCGGCTAAA-1,0.226957,0.773043
ACTATGTCCAGCTGCC-1,0.125412,0.874588
ACTATTCGTCCGTGGT-1,0.157273,0.842727
ACTATTTCCGGGCCCA-1,0.017736,0.982264
ACTCAAGTGCAAGGCT-1,0.270841,0.729159
ACTCAATAAAGGCACG-1,0.85034,0.14966
ACTCCAATATCATCAT-1,0.000188,0.999812
ACTCCCATTCCTAAAG-1,0.281831,0.718169
ACTCCCTAATGCTAAA-1,0.387652,0.612348
ACTCCCTAGAATAGTA-1,0.799108,0.200892
ACTCGATGTATTTCAT-1,0.252733,0.747267
ACTCGTAACCCGTCCT-1,0.451345,0.548655
ACTCGTCAGTAATCCC-1,0.308636,0.691364
ACTCTAAACCTGGGAT-1,0.73969,0.26031
ACTCTCTGACTTAGGT-1,0.779227,0.220773
ACTCTCTTATACACGA-1,0.545691,0.454309
ACTCTTGTATAGTAAC-1,0.10005,0.89995
ACTGAAACGCCGTTAG-1,0.342858,0.657142
ACTGAATGGCGAAAGT-1,0.738621,0.261379
ACTGATTTAGTGATTC-1,0.545844,0.454156
ACTGCCGTCGTAACTC-1,0.566094,0.433906
ACTGCTCGGAAGGATG-1,0.922296,0.077704
ACTGTACGATACACAT-1,0.999149,0.000851
ACTGTCTTCTTTAGAA-1,0.895813,0.104187
ACTTACCGGGCGCGCA-1,0.395263,0.604737
ACTTACGCATCCACGC-1,0.229973,0.770027
ACTTATACTTACCCGG-1,0.192792,0.807208
ACTTATTTATGTGCCA-1,0.310132,0.689868
ACTTCAGGCTGATCCC-1,0.630172,0.369828
ACTTCCAGTGGAAGCT-1,0.632043,0.367957
ACTTCCATGCGGGACA-1,0.081126,0.918874
ACTTCGCCATACGCAC-1,0.707299,0.292701
ACTTGACTCCCTCTTT-1,0.6842,0.3158
ACTTGTAGTCCCTTCA-1,0.878658,0.121342
ACTTTGACTGCATCCT-1,0.960848,0.039152
ACTTTGGTCGTGCTCC-1,0.376271,0.623729
AGAACCCTCAATTGGG-1,0.658274,0.341726
AGAACGTGGTACATTC-1,0.961235,0.038765
AGAAGAGCGCCGTTCC-1,0.502007,0.497993
AGAAGGTACACTTCAC-1,0.550027,0.449973
AGAAGGTTGTAGGTCG-1,0.294544,0.705456
AGAAGTGATTCGTGAT-1,0.021903,0.978097
AGAATAAATCTTCAGG-1,0.997608,0.002392
AGAATTATGGATTCGA-1,0.294009,0.705991
AGACAGCTCAGAATCC-1,0.615589,0.384411
AGACCAAACCACACCT-1,0.787669,0.212331
AGACCCACCGCTGATC-1,0.294316,0.705684
AGACCGGGAAACCCTG-1,0.572233,0.427767
AGACGAAGTGCCGGTC-1,0.405903,0.594097
AGACGACGATGCCGCT-1,0.226311,0.773689
AGACTGTTACCGGGTC-1,0.567941,0.432059
AGAGAACCGTCTAGGA-1,0.324117,0.675883
AGAGAAGGAGTACAAT-1,0.006886,0.993114
AGAGATCTCTAAAGCG-1,0.998936,0.001064
AGAGCAGTTATGAGAC-1,0.999483,0.000517
AGAGCTACGAAAGCAT-1,0.634602,0.365398
AGAGGCTTCGGAAACC-1,0.000042,0.999958
AGAGTTAGAGACCGAT-1,0.217153,0.782847
AGATACCGGTGTTCAC-1,0.515998,0.484002
AGATACTCAAGATCGA-1,0.505846,0.494154
AGATATAATACGACTA-1,0.301791,0.698209
AGATCGTGCATAAGAT-1,0.8668,0.1332
AGATCTCAGGTGTGAT-1,0.170374,0.829626
AGATGAGGGTTGCGAT-1,0.140739,0.859261
AGATGCAAGACGTGCA-1,0.158695,0.841305
AGATGCATCCTGTGTC-1,0.445853,0.554147
AGATGCTATAACGAGC-1,0.206419,0.793581
AGATTCACAACCGATA-1,0.389475,0.610525
AGCAAAGGCCGCTAGT-1,0.610806,0.389194
AGCAACATATCTTATT-1,0.844866,0.155134
AGCAACCGAAAGTAAT-1,0.775678,0.224322
AGCACCAGTACTCACG-1,0.911036,0.088964
AGCACTACCGGCCTGT-1,0.864985,0.135015
AGCACTACCTCACCAG-1,0.686624,0.313376
AGCACTTAAGGACGCC-1,0.273227,0.726773
AGCAGAAGGAGAAAGA-1,0.339832,0.660168
AGCATATCAATATGCT-1,0.641902,0.358098
AGCATCATTTCGAAAG-1,0.987071,0.012929
AGCCACAGGTTACCCG-1,0.05321,0.94679
AGCCACTCCCGTGCTT-1,0.702402,0.297598
AGCCCATACATGTAAG-1,0.961543,0.038457
AGCCCGGCATTAGAGG-1,0.125158,0.874842
AGCCCTAAGCGAAGTT-1,0.528086,0.471914
AGCCCTCCCTGGTGGC-1,0.134103,0.865897
AGCCCTTCTAATCCGA-1,0.295294,0.704706
AGCCGCAAATTCAAAT-1,0.994176,0.005824
AGCCGCTTGATTAGCG-1,0.373615,0.626385
AGCCGTGGCTAAATGT-1,0.78716,0.21284
AGCCTAATACCCACGT-1,0.430657,0.569343
AGCCTTAAAGCGGAAG-1,0.090975,0.909025
AGCGACAGGAACGGTC-1,0.124926,0.875074
AGCGCGGGTGCCAATG-1,0.486149,0.513851
AGCGCTTATGGGCAAG-1,0.477214,0.522786
AGCGGACACTTCGTAG-1,0.050981,0.949019
AGCGGCGGTTAGCGGT-1,0.756256,0.243744
AGCGTGGTATTCTACT-1,0.814926,0.185074
AGCTAACAAGCAATGT-1,0.000085,0.999915
AGCTAAGTACGCAGGC-1,0.126089,0.873911
AGCTAGAAGCAGAAGT-1,0.684167,0.315833
AGCTATTTAATCCAAC-1,0.474539,0.525461
AGCTCCTTCGCACATC-1,0.691328,0.308672
AGCTCTAGACGTTCCA-1,0.917052,0.082948
AGCTCTTCCCAGTGCA-1,0.688023,0.311977
AGCTGAAGTAAACCAA-1,0.179252,0.820748
AGCTGTAACCTCAATC-1,0.006061,0.993939
AGCTTGATCTTAACTT-1,0.992633,0.007367
AGGAAAGCCTCTGATG-1,0.380189,0.619811
AGGAAGCTGTCCGCCG-1,0.368763,0.631237
AGGACAGTCGAATCCC-1,0.933606,0.066394
AGGACGCTCGATGTTG-1,0.690574,0.309426
AGGACTTATAGGAGAA-1,0.40394,0.59606
AGGAGGCCTTCGCGCG-1,0.197213,0.802787
AGGATAAAGTCGGGAT-1,0.840715,0.159285
AGGATATAGGGATTTA-1,0.504519,0.495481
AGGATCACGCGATCTG-1,0.999012,0.000988
AGGCAATACGGAGGAC-1,0.703877,0.296123
AGGCAGATGCGTAAAC-1,0.72059,0.27941
AGGCATTGTCGTAGGG-1,0.356608,0.643392
AGGCCCAGTGACTGGT-1,0.895984,0.104016
AGGCCCTAGAACGCCA-1,0.397799,0.602201
AGGCCTGAGAATCTCG-1,0.218962,0.781038
AGGCGGTTTGTCCCGC-1,0.418966,0.581034
AGGCTATGGTTAGCTT-1,0.162138,0.837862
AGGCTTGCTAGACACC-1,0.706928,0.293072
AGGGAAACGAGGTACT-1,0.682525,0.317475
AGGGCAGCGGCGTGGT-1,0.033172,0.966828
AGGGCGAGCAGCTGAT-1,0.705189,0.294811
AGGGCTGCAGTTACAG-1,0.999287,0.000713
AGGGTCGATGCGAACT-1,0.548669,0.451331
AGGGTGCCGTTCTTTA-1,0.025275,0.974725
AGGGTGCTCTCGAGGG-1,0.789057,0.210943
AGGGTGGATAGTGCAT-1,0.999613,0.000387
AGGGTTCCCTTTGGTT-1,0.999387,0.000613
AGGGTTTAGTTCGGGA-1,0.373682,0.626318
AGGTACGATATTGCCA-1,0.050924,0.949076
AGGTAGATCGAGATAT-1,0.024794,0.975206
AGGTAGGTACAAAGCT-1,0.989111,0.010889
AGGTCAGGTGAGAGTG-1,0.679457,0.320543
AGGTGTATCGCCATGA-1,0.15492,0.84508
AGGTTCTCCTTTCCGG-1,0.416254,0.583746
AGGTTGAGGCACGCTT-1,0.362343,0.637657
AGGTTTCACACACCTT-1,0.998663,0.001337
AGTAACGTTCATCCTG-1,0.968886,0.031114
AGTACGGCCCGTATCG-1,0.993791,0.006209
AGTACGGGCACCTGGC-1,0.09207,0.90793
AGTACGTGGCCTGTCT-1,0.84955,0.15045
AGTACTCTTATGCCCA-1,0.18623,0.81377
AGTAGCGTGAACGAAC-1,0.816423,0.183577
AGTAGGAAGGAAGTTG-1,0.344328,0.655672
AGTATACACAGCGACA-1,0.063495,0.936505
AGTATGCTGGAGACCA-1,0.079809,0.920191
AGTCAAATGATGTGAT-1,0.259069,0.740931
AGTCAAGATGACACTT-1,0.723008,0.276992
AGTCACTAGCTCTCGA-1,0.071491,0.928509
AGTCCATTGGCTGATG-1,0.404918,0.595082
AGTCCCGCCTTTAATT-1,0.916877,0.083123
AGTCGACGGTCTCAAG-1,0.000656,0.999344
AGTCGGCTCAACTTTA-1,0.803252,0.196748
AGTCGTATAAAGCAGA-1,0.322655,0.677345
AGTCGTCGACCACCAA-1,0.191769,0.808231
AGTCGTGGGCATTACG-1,0.539269,0.460731
AGTCTCACAAGACTAC-1,0.421963,0.578037
AGTCTGGACATCCTTG-1,0.437372,0.562628
AGTCTTCTCCTCAAAT-1,0.957623,0.042377
AGTGAACAAACTTCTC-1,0.499975,0.500025
AGTGACTGTGACACAA-1,0.049782,0.950218
AGTGAGACTTCCAGTA-1,0.649013,0.350987
AGTGAGGGTTTCTGAC-1,0.709054,0.290946
AGTGATAACCTGCGCG-1,0.198803,0.801197
AGTGATTCAAGCAGGA-1,0.471536,0.528464
AGTGCACGCTTAAGAA-1,0.532382,0.467618
AGTGCTAAACACAGCA-1,0.092929,0.907071
AGTGCTTGCACGAATA-1,0.559225,0.440775
AGTGGCGGCAATTTGA-1,0.580485,0.419515
AGTGGCGTCTGAAGGT-1,0.150079,0.849921
AGTGGCTCCGTCGGCC-1,0.659105,0.340895
AGTGGGAGTATACACG-1,0.260207,0.739793
AGTGGTGTTACCCGTG-1,0.826645,0.173355
AGTGGTTGCGTATAGG-1,0.349859,0.650141
AGTGTATTGCGCATTG-1,0.833472,0.166528
AGTGTGCTAAGATCGC-1,0.347211,0.652789
AGTTAAGCGGTCCCGG-1,0.133701,0.866299
AGTTAAGTCAACCGCT-1,0.365367,0.634633
AGTTACCCTTAAGACT-1,0.869795,0.130205
AGTTACCGCACATGGT-1,0.999789,0.000211
AGTTACTCTATCGTGG-1,0.999155,0.000845
AGTTATTGAAAGGTAA-1,0.503887,0.496113
AGTTCACCGGTTGGAC-1,0.595806,0.404194
AGTTCCTATTTATGTT-1,0.483323,0.516677
AGTTCTGCGTTGTATC-1,0.482733,0.517267
AGTTGACGGTCCTTGC-1,0.001456,0.998544
AGTTGCTGACTGATAT-1,0.398561,0.601439
AGTTTGCACCTGCCTC-1,0.214741,0.785259
AGTTTGGCACGGGTTG-1,0.506018,0.493982
AGTTTGGCCAGACCTA-1,0.330042,0.669958
ATAAACGGACCCGTAA-1,0.192801,0.807199
ATAAATATTAGCAGCT-1,0.937673,0.062327
ATAACGCCGGAGGGTC-1,0.999565,0.000435
ATAACGGAGTCCAACG-1,0.807471,0.192529
ATAAGGTGGAGAACAT-1,0.661723,0.338277
ATAATACCGTTAGCCG-1,0.386794,0.613206
ATAATAGCTGTTGAAT-1,0.800975,0.199025
ATAATCTTGGAGAACC-1,0.286467,0.713533
ATAATTAGCTAAGTAG-1,0.320659,0.679341
ATACAGGCCCTCCAAT-1,0.699399,0.300601
ATACCACGGGCAACTT-1,0.263848,0.736152
ATACCTAACCAAGAAA-1,0.195127,0.804873
ATACGCCGGCGAAACC-1,0.990355,0.009645
ATACGGAACGTCGTTT-1,0.793744,0.206256
ATACGGGTTTCGATTG-1,0.444184,0.555816
ATACGGTGAAGATGCA-1,0.999012,0.000988
ATACGTACTTAGCCAC-1,0.77754,0.22246
ATACGTCCACTCCTGT-1,0.625131,0.374869
ATACGTTATGCACGGA-1,0.39438,0.60562
ATACTACCCGTACCAC-1,0.349702,0.650298
ATACTGCCTTACACCG-1,0.191625,0.808375
ATACTTGTTCTCGAGC-1,0.54207,0.45793
ATAGACAACGGGACCT-1,0.452063,0.547937
ATAGAGTTATCAACTT-1,0.349285,0.650715
ATAGCAACTAGGGAAG-1,0.041753,0.958247
ATAGCCTCAGTACCCA-1,0.505812,0.494188
ATAGCTGCTCTTGTTA-1,0.439485,0.560515
ATAGGCGGCTATAGAA-1,0.857076,0.142924
ATAGGCTAGCTTCGCA-1,0.303171,0.696829
ATAGGGATATCCTTGA-1,0.927291,0.072709
ATAGGTTGGGCAGATG-1,0.229308,0.770692
ATAGTCTTTGACGTGC-1,0.329515,0.670485
ATAGTTCCACCCACTC-1,0.000074,0.999926
ATATAAAGCGCTCGTG-1,0.412349,0.587651
ATATAAATGTAGCTGC-1,0.716753,0.283247
ATATAACACGGGCGCA-1,0.041014,0.958986
ATATACATGTATGGTA-1,0.769549,0.230451
ATATAGAGTATTGGTC-1,0.582245,0.417755
ATATCAATTCCAGCCT-1,0.139567,0.860433
ATATCGTGCCAGACCC-1,0.156629,0.843371
ATATCGTTCCTCGAAC-1,0.092027,0.907973
ATATCTCCCTCGTTAA-1,0.644523,0.355477
ATATGTCTCCCTAGCC-1,0.530591,0.469409
ATATTATCCCGTATTT-1,0.174858,0.825142
ATATTCCACATAGTGA-1,0.564646,0.435354
ATCAAACGAAGGTTTG-1,0.294463,0.705537
ATCAATCTGGGCTGCA-1,0.909504,0.090496
ATCAATGCCGTGGCTG-1,0.071182,0.928818
ATCACATTAGAATATC-1,0.809696,0.190304
ATCACGTGCTAATTAA-1,0.647067,0.352933
ATCACTTCATCCTCGC-1,0.623371,0.376629
ATCAGCCTCATGCTGC-1,0.073592,0.926408
ATCAGCTCGTCCACTA-1,0.999291,0.000709
ATCAGGTCGCCATTGC-1,0.140249,0.859751
ATCAGTAGGCAGGGAT-1,0.412911,0.587089
ATCATAGCCCTATGTA-1,0.387589,0.612411
ATCATTGTACCGCATT-1,0.412729,0.587271
ATCCAATGGAGGGTCC-1,0.231211,0.768789
ATCCAATGGTACCGAA-1,0.914692,0.085308
ATCCACATCGACAGAA-1,0.232752,0.767248
ATCCCATCCACAGCGC-1,0.121797,0.878203
ATCCTGAATCGCTGCG-1,0.662036,0.337964
ATCGACCCAATACAGA-1,0.787098,0.212902
ATCGCACGATTGTTCA-1,0.925765,0.074235
ATCGCCAGTCAACATT-1,0.266583,0.733417
ATCGGAGACAGACGGC-1,0.415231,0.584769
ATCGGCAAGCAGTCCA-1,0.851082,0.148918
ATCGGTTACCTAGTAA-1,0.989419,0.010581
ATCGTATTCCGAGAAC-1,0.978526,0.021474
ATCGTCCAATCGAGTC-1,0.769517,0.230483
ATCGTGGAAAGTCTGG-1,0.244407,0.755593
ATCGTTAGCTAGCGGA-1,0.000157,0.999843
ATCGTTCACTTTCGCC-1,0.328944,0.671056
ATCTAACGTCCCTATG-1,0.000062,0.999938
ATCTAATATCCTACGG-1,0.852903,0.147097
ATCTATCGATGATCAA-1,0.557738,0.442262
ATCTCCCTGCAATCTA-1,0.499521,0.500479
ATCTGACATGGAAGGA-1,0.194712,0.805288
ATCTGATAGTGTCTTA-1,0.135024,0.864976
ATCTGGGCTGTTCTTG-1,0.685835,0.314165
ATCTGGTTAAGACTGT-1,0.803091,0.196909
ATCTTATCGCACACCC-1,0.274014,0.725986
ATGAAGTGGACCCAGC-1,0.813319,0.186681
ATGACGCGTTCTATCC-1,0.020396,0.979604
ATGACTATCAGCTGTG-1,0.60193,0.39807
ATGACTATGCGACATT-1,0.681333,0.318667
ATGCACCTTCCTTAAT-1,0.435712,0.564288
ATGCACGCGCTGTTCA-1,0.368835,0.631165
ATGCATGATCCAGGAT-1,0.264996,0.735004
ATGCCATTTGCGACCA-1,0.570625,0.429375
ATGCCGGTCTTGCATA-1,0.976555,0.023445
ATGCCGGTTGATGGGA-1,0.661366,0.338634
ATGCGACAGTCCCATT-1,0.620968,0.379032
ATGCGAGTCCCACCAC-1,0.361411,0.638589
ATGCTCTGGCGCGGTA-1,0.513622,0.486378
ATGGAAATTTAAGGAG-1,0.341188,0.658812
ATGGAGCAGGCCGTGA-1,0.923819,0.076181
ATGGATCCGGCGTCCG-1,0.37504,0.62496
ATGGCAGCATTACGAT-1,0.146241,0.853759
ATGGCAGCCGAGAAAC-1,0.996676,0.003324
ATGGCTGGAAATGGCC-1,0.38026,0.61974
ATGGGAACGGAAGCGG-1,0.638064,0.361936
ATGGGACCTGCTGAAC-1,0.000097,0.999903
ATGGGCCTCGGCCTCT-1,0.551568,0.448432
ATGGGTGTATACCTCC-1,0.05089,0.94911
ATGGTCGCGTGGTTTC-1,0.807377,0.192623
ATGTCATTTCCCATTG-1,0.003549,0.996451
ATGTGAAAGCCTAATG-1,0.945948,0.054052
ATGTGGACATCTTGAT-1,0.418125,0.581875
ATGTTCCTGCCCACCT-1,0.53061,0.46939
ATGTTCGTCGACCCAC-1,0.994993,0.005007
ATGTTGTAGTCTGTTT-1,0.584742,0.415258
ATTAAAGCGGACGAGC-1,0.555218,0.444782
ATTAACACCTGAGATA-1,0.435191,0.564809
ATTAATACTACGCGGG-1,0.916163,0.083837
ATTAATGAACCAGTCG-1,0.849127,0.150873
ATTAATTCGGTCACTC-1,0.377632,0.622368
ATTACAACTACCGGCC-1,0.988484,0.011516
ATTACGCGCTGGCAGG-1,0.804741,0.195259
ATTACTTACTGGGCAT-1,0.995022,0.004978
ATTAGGCGATGCTTTC-1,0.999091,0.000909
ATTATACTTTGCTCGT-1,0.00703,0.99297
ATTATGAGACCCAATT-1,0.268922,0.731078
ATTATTATGTCCGTCA-1,0.000143,0.999857
ATTCAAAGTACCTGTT-1,0.247159,0.752841
ATTCAACCATTTAAGG-1,0.279944,0.720056
ATTCACTGATGTTGGA-1,0.44461,0.55539
ATTCAGGACCTATTTC-1,0.592633,0.407367
ATTCAGGATCGCCTCT-1,0.486983,0.513017
ATTCAGTAGCAGGGTC-1,0.323077,0.676923
ATTCATCGTTGAGGCA-1,0.140475,0.859525
ATTCCCACATAAACAA-1,0.643118,0.356882
ATTCCCGAAGGTACAG-1,0.1537,0.8463
ATTCGACGCCGGGCCT-1,0.943083,0.056917
ATTCGCGCCTTGAGAG-1,0.362512,0.637488
ATTCTGAGTATGAACT-1,0.515314,0.484686
ATTCTTCGTACTTATG-1,0.574427,0.425573
ATTGACGTAACTCGGT-1,0.107902,0.892098
ATTGATCACCACATTT-1,0.795636,0.204364
ATTGATGAGTCCTAAC-1,0.224257,0.775743
ATTGCCTATTAGACCG-1,0.247399,0.752601
ATTGCCTTTATGTTTG-1,0.388975,0.611025
ATTGCGATCAGTAACT-1,0.12911,0.87089
ATTGGATTACAGCGTA-1,0.000105,0.999895
ATTGGTAGGATCCGCT-1,0.64023,0.35977
ATTGTCGCAATACCTT-1,0.731132,0.268868
ATTTCATTATTTCGCG-1,0.282458,0.717542
ATTTCCGGGTTCTGCG-1,0.000141,0.999859
ATTTGCGCGAGTAGCT-1,0.209582,0.790418
ATTTGGAGATTGCGGT-1,0.2793,0.7207
ATTTGTCTTGGGAGCT-1,0.691281,0.308719
ATTTGTTCCAGGGCTC-1,0.108516,0.891484
CAAACCAGGTCTGCAT-1,0.985267,0.014733
CAAACGTGGTCTTGCG-1,0.231924,0.768076
CAAACTACGATAGAGA-1,0.780127,0.219873
CAAACTATTGAGCTTC-1,0.468695,0.531305
CAAAGATTATTGGGCC-1,0.315042,0.684958
CAAAGTCAGGTTAGCT-1,0.413892,0.586108
CAAATCTCTCACAAGG-1,0.958012,0.041988
CAAATTGTCAGCAAGC-1,0.996439,0.003561
CAACAGTGCCAAACGG-1,0.303024,0.696976
CAACATGGCCTGATAA-1,0.372492,0.627508
CAACCGCACCTAGACA-1,0.234981,0.765019
CAACCTACCGAGCAGT-1,0.258139,0.741861
CAACTATATCGAATGC-1,0.058494,0.941506
CAAGAGGGCGGAGTAC-1,0.735449,0.264551
CAAGATATTATAACGT-1,0.326995,0.673005
CAAGCAACGTCGGAGT-1,0.207691,0.792309
CAAGCACCAAATGCCT-1,0.584316,0.415684
CAAGCGGCACATAATT-1,0.32093,0.67907
CAAGGATCGCATGTTC-1,0.728152,0.271848
CAAGGCCAGTGGTGCA-1,0.194529,0.805471
CAAGTGTGGTTGCAAA-1,0.985266,0.014734
CAATAAACCTTGGCCC-1,0.999427,0.000573
CAATACGCTCTGAGGC-1,0.999446,0.000554
CAATATTCTTGACCTA-1,0.139543,0.860457
CAATATTGGACTAGTG-1,0.571563,0.428437
CAATCCCTATACCAGC-1,0.896662,0.103338
CAATGCGAGAAGTATC-1,0.41616,0.58384
CAATGGAATCTACATA-1,0.694587,0.305413
CAATGGATCTCTACCA-1,0.79782,0.20218
CAATTAAGGGTGATGA-1,0.494342,0.505658
CAATTGGGCCGCACTC-1,0.618261,0.381739
CAATTTCGTATAAGGG-1,0.485432,0.514568
CAATTTGACCGGGAAG-1,0.574462,0.425538
CACACACGCTAACGAG-1,0.000085,0.999915
CACACGCGCTGTCTTA-1,0.716772,0.283228
CACACGTTTCAATGGG-1,0.675709,0.324291
CACAGAGACGAGGACG-1,0.27466,0.72534
CACAGGGCCATATAGT-1,0.129734,0.870266
CACAGGGCCGTTGTCA-1,0.614935,0.385065
CACATATTAGCAGGAT-1,0.935208,0.064792
CACATCGTGCACGCGC-1,0.263451,0.736549
CACATCTCACCGACGA-1,0.397091,0.602909
CACATGATTCAGCAAC-1,0.641317,0.358683
CACATGTTTGGACATG-1,0.39123,0.60877
CACATTCTTTCGATGG-1,0.214654,0.785346
CACCAATCATCCGTCT-1,0.628415,0.371585
CACCACGCCACACAGA-1,0.999542,0.000458
CACCAGTCAGCATGCA-1,0.32471,0.67529
CACCCACGAGGCAATT-1,0.773489,0.226511
CACCCGGTTTGTGACT-1,0.266823,0.733177
CACCCTAACAAGATCT-1,0.60184,0.39816
CACCCTTGGTGAGACC-1,0.804355,0.195645
CACCGATACACCGAGC-1,0.419968,0.580032
CACCGCCGACCAGCGA-1,0.31577,0.68423
CACCGGAGATATCTCC-1,0.302573,0.697427
CACCGGTAGAGACATT-1,0.256145,0.743855
CACCGTATCCCATCCG-1,0.292862,0.707138
CACCGTTAGGGATCAC-1,0.054429,0.945571
CACCGTTGCGCGATAT-1,0.905626,0.094374
CACCTAATCAGTTTAC-1,0.484162,0.515838
CACCTCGATGGTGGAC-1,0.822976,0.177024
CACCTTGCGAAACTCG-1,0.484412,0.515588
CACCTTGGCGCCTTTG-1,0.367101,0.632899
CACGAAAGTTAGTCCC-1,0.79485,0.20515
CACGCACAGCGCAGCT-1,0.326705,0.673295
CACGCGGAACTGTTGC-1,0.232343,0.767657
CACGGGATTGAGGGTT-1,0.998862,0.001138
CACGTCGGCAACCTCT-1,0.06984,0.93016
CACGTCGGGTTCTAGA-1,0.179776,0.820224
CACGTCTATGATGTGG-1,0.14428,0.85572
CACGTTCGTGCTCTAG-1,0.999266,0.000734
CACGTTTCGTACACAC-1,0.268053,0.731947
CACTACTCAGTTCTGT-1,0.538484,0.461516
CACTCAGCTCTTGAGG-1,0.19246,0.80754
CACTCCTATGTAAGAT-1,0.004721,0.995279
CACTCCTCTCGGTCGG-1,0.633483,0.366517
CACTCGAGCTGAACAA-1,0.519913,0.480087
CACTCGGTTAGGAGGA-1,0.708965,0.291035
CACTCTCAAGCATCGA-1,0.246783,0.753217
CACTCTTCTGCTAGCC-1,0.15795,0.84205
CACTTCGTCTTATCTC-1,0.859337,0.140663
CAGAACTTAGCCCTCT-1,0.936361,0.063639
CAGACCTGTAAGTGTT-1,0.227266,0.772734
CAGAGCATGAGCTTGC-1,0.999357,0.000643
CAGAGTGATTTAACGT-1,0.442054,0.557946
CAGATAATGGGCGGGT-1,0.258348,0.741652
CAGATCCTGGTTTGAA-1,0.458589,0.541411
CAGATGTTTGTCCCAA-1,0.460865,0.539135
CAGCAGCCCGTTCCTT-1,0.798901,0.201099
CAGCAGTCCAGACTAT-1,0.148658,0.851342
CAGCAGTCTGTGCTGC-1,0.658866,0.341134
CAGCCGGGCCCTCTAT-1,0.829318,0.170682
CAGCCTCCTGCAGAGG-1,0.406877,0.593123
CAGCCTCTCCTCAAGA-1,0.718339,0.281661
CAGCGCCAACACGATA-1,0.996389,0.003611
CAGCTCGACAAGTTAA-1,0.571757,0.428243
CAGCTGGCGTAACCGT-1,0.408997,0.591003
CAGCTTAGTAGGTAGC-1,0.195632,0.804368
CAGGAAGACTTTATAT-1,0.35309,0.64691
CAGGCAGTCTTACCAG-1,0.207943,0.792057
CAGGCGCACGGTGGTC-1,0.217728,0.782272
CAGGCGCCATGCTAGG-1,0.754598,0.245402
CAGGGCTAACGAAACC-1,0.437506,0.562494
CAGTAACTATTTATTG-1,0.282256,0.717744
CAGTAAGGGACGTCTC-1,0.075207,0.924793
CAGTACATTCTCTAAA-1,0.434368,0.565632
CAGTACCAGTTTACGT-1,0.726295,0.273705
CAGTAGATGATGTCCG-1,0.914642,0.085358
CAGTAGCCCACGCGGT-1,0.581393,0.418607
CAGTCGAGGATGCAAT-1,0.176615,0.823385
CAGTCGGCCTAGATAT-1,0.760768,0.239232
CAGTCTGTATACTGGG-1,0.727178,0.272822
CAGTGAATAAATGACT-1,0.5146,0.4854
CAGTGGTTGCACATGA-1,0.451927,0.548073
CAGTGTCGGCTGGCCC-1,0.521104,0.478896
CAGTTCCGCGGGTCGA-1,0.144085,0.855915
CAGTTCGAGGACCCGA-1,0.261729,0.738271
CATAACGGACAGTCGT-1,0.616087,0.383913
CATAAGAAGCTTGGCT-1,0.521294,0.478706
CATAAGCTCTCCGTCT-1,0.97605,0.02395
CATACACAAAGTCAGC-1,0.800486,0.199514
CATACCCGTACCCAGT-1,0.938139,0.061861
CATACGAACTAGCTGG-1,0.055872,0.944128
CATACGGCGTCTGGGC-1,0.430165,0.569835
CATACGGGTGCATGAT-1,0.502399,0.497601
CATAGCCGCCCGGGAT-1,0.450832,0.549168
CATAGCGTTGCCCACC-1,0.000252,0.999748
CATAGTACATTGAGAG-1,0.17386,0.82614
CATAGTCAAATACATA-1,0.139887,0.860113
CATAGTCCACAAGAAC-1,0.362109,0.637891
CATATACTACTGATAA-1,0.00124,0.99876
CATATGTCAGGCTACG-1,0.590845,0.409155
CATATTATTTGCCCTA-1,0.025128,0.974872
CATCAACACCTACTAA-1,0.103568,0.896432
CATCATCTACCCGGAC-1,0.121791,0.878209
CATCATTACCCTGAGG-1,0.429345,0.570655
CATCCAATATAGTTTG-1,0.259791,0.740209
CATCCGCAGGCCCGAA-1,0.995374,0.004626
CATCCTCTCAAAGATC-1,0.297465,0.702535
CATCGTCCGGTTACTA-1,0.999683,0.000317
CATCTATCCCGTGTCT-1,0.722745,0.277255
CATCTGCAGGATCATT-1,0.965935,0.034065
CATCTTACACCACCTC-1,0.300017,0.699983
CATGAACCTCTTATCA-1,0.646674,0.353326
CATGAGATGCACTCTC-1,0.120735,0.879265
CATGATGCACAATTCT-1,0.741012,0.258988
CATGATGGAAGTTAGC-1,0.207072,0.792928
CATGCACGTGTTACTG-1,0.291801,0.708199
CATGCATGGAGACCCT-1,0.858319,0.141681
CATGCCAACTCGCAAA-1,0.281891,0.718109
CATGCGACCAGTTTAA-1,0.01654,0.98346
CATGGATTGTCTTCCG-1,0.166839,0.833161
CATGGCTCCCTATGTC-1,0.627106,0.372894
CATGGGTATGCCTTAT-1,0.428624,0.571376
CATGGGTCGGGTGTGG-1,0.03244,0.96756
CATGGTAAGTAGCGTT-1,0.998937,0.001063
CATGGTATTAGTTTGT-1,0.795838,0.204162
CATGGTCTAGATACCG-1,0.999297,0.000703
CATGTAAGAGACATTT-1,0.3637,0.6363
CATGTCTCATTTATGG-1,0.730664,0.269336
CATTACGTCGGCCCGT-1,0.339585,0.660415
CATTATCCCATTAACG-1,0.21063,0.78937
CATTCCCTAAGTACAA-1,0.660261,0.339739
CATTGCAAAGCATAAT-1,0.268725,0.731275
CATTGCGAAATGGGCG-1,0.996983,0.003017
CATTGTGTGCTAGATC-1,0.99885,0.00115
CATTTAGCGGACCATG-1,0.872757,0.127243
CATTTATCGTTCAAGA-1,0.087332,0.912668
CCAAAGCAGTTGGTTG-1,0.391729,0.608271
CCAACCTTATGTAACT-1,0.182648,0.817352
CCAACGATGCACTGAT-1,0.182454,0.817546
CCAAGCGTAACTCGTA-1,0.999246,0.000754
CCAAGTTTCTACAGAT-1,0.150795,0.849205
CCAATAGATTTCATCT-1,0.969948,0.030052
CCAATCGGTAGATCGA-1,0.395643,0.604357
CCAATTACGGGTCGAG-1,0.988159,0.011841
CCACAATGTACGTCTT-1,0.92561,0.07439
CCACAGTACCCATCCT-1,0.647609,0.352391
CCACATGGCTCTTTAT-1,0.908516,0.091484
CCACCAACTTTACTGT-1,0.323689,0.676311
CCACCCAAGGAAAGTG-1,0.905754,0.094246
CCACGAGAAGAGAATC-1,0.407853,0.592147
CCACGGAGCCATAAGA-1,0.784989,0.215011
CCACTGGTGGCTGGTT-1,0.678106,0.321894
CCACTGTTTGGATTAA-1,0.212189,0.787811
CCAGAAAGCAACTCAT-1,0.168083,0.831917
CCAGAGACAAAGCCGG-1,0.000152,0.999848
CCAGATAGTTGAGTGA-1,0.975509,0.024491
CCAGCCTGGACCAATA-1,0.898149,0.101851
CCAGCTCGAACGCATT-1,0.420621,0.579379
CCAGCTGATGGTACTT-1,0.987266,0.012734
CCAGCTTCCGCCCGCA-1,0.976155,0.023845
CCAGTAGTCTGATCCA-1,0.58939,0.41061
CCAGTCAAATCTCTTA-1,0.675254,0.324746
CCAGTCTAGACGGCGC-1,0.15001,0.84999
CCAGTCTTGTCATAGA-1,0.294246,0.705754
CCATAAACAACCCGAC-1,0.08508,0.91492
CCATAACCTGTGCAGT-1,0.113517,0.886483
CCATACTCGCCTCTCC-1,0.641158,0.358842
CCATAGAGGCTGCCAG-1,0.637094,0.362906
CCATAGTCAGTAACCC-1,0.620763,0.379237
CCATATGGAAACTATA-1,0.064907,0.935093
CCATATTGGATCATGA-1,0.28674,0.71326
CCATCGCAGTTAAACT-1,0.644402,0.355598
CCATCTCACCAGTGAA-1,0.009313,0.990687
CCATGCCCTAGATTTC-1,0.14053,0.85947
CCATGGCCCTTGTACC-1,0.84081,0.15919
CCATTCCCTGCCCACA-1,0.260978,0.739022
CCATTTCTACCTATTA-1,0.118071,0.881929
CCCAAACATGCTGCTC-1,0.413219,0.586781
CCCAACATACGTCGCG-1,0.671515,0.328485
CCCAAGAATGCACGGT-1,0.383578,0.616422
CCCAATGAGATTTGCA-1,0.152233,0.847767
CCCAATTTCACAACTT-1,0.56727,0.43273
CCCACTCCACGGTATC-1,0.73757,0.26243
CCCAGTAAACTTGGGA-1,0.404478,0.595522
CCCAGTTAAGGCGCCG-1,0.789008,0.210992
CCCGAAGTTTCGCGAA-1,0.365749,0.634251
CCCGACCATAGTCCGC-1,0.641047,0.358953
CCCGCAGCGCGAACTA-1,0.298566,0.701434
CCCGCAGGGCCCAAAG-1,0.509076,0.490924
CCCGGCTAGGTGAGAA-1,0.327899,0.672101
CCCGGTGGAAGAACCT-1,0.576875,0.423125
CCCGGTGTATCGGAAT-1,0.810958,0.189042
CCCGTAAGTCTAGGCC-1,0.490625,0.509375
CCCGTAGCTGGGAAGA-1,0.025461,0.974539
CCCGTGAGGGCGGTGA-1,0.880971,0.119029
CCCGTGGGTTAATTGA-1,0.333765,0.666235
CCCTAGGCAACAAGAG-1,0.313365,0.686635
CCCTATGTAGAGCAGA-1,0.110788,0.889212
CCCTCAAGCTCTTAGT-1,0.765636,0.234364
CCCTGACTAACAAATT-1,0.996262,0.003738
CCCTGATGTAACTCGT-1,0.710591,0.289409
CCCTGCCCAATCCGCT-1,0.638539,0.361461
CCCTGCGCTACGCATA-1,0.630004,0.369996
CCCTGGCTGTTCCTTC-1,0.726776,0.273224
CCCTGGTATGGGCGGC-1,0.162732,0.837268
CCCTGTTGGCAAAGAC-1,0.076626,0.923374
CCGAACACTGGGCCTC-1,0.99943,0.00057
CCGAACCTTCCCGGCC-1,0.96681,0.03319
CCGAAGCATTGACCAA-1,0.89894,0.10106
CCGAAGTATATTGTTC-1,0.436857,0.563143
CCGACAAACACATGAG-1,0.707211,0.292789
CCGACAAAGGGAGTGC-1,0.88409,0.11591
CCGACGGGCATGAGGT-1,0.314893,0.685107
CCGACGTAAACACAAC-1,0.163643,0.836357
CCGACTCGCATAGTCT-1,0.046577,0.953423
CCGATCTCAACCTTAT-1,0.393302,0.606698
CCGATTCGAGGGACCC-1,0.811415,0.188585
CCGCACAAAGACCAAC-1,0.909352,0.090648
CCGCACGTGACCTCGG-1,0.409253,0.590747
CCGCATGTGGTACGAT-1,0.742093,0.257907
CCGCCGGAACTTCTCG-1,0.732502,0.267498
CCGCCTGCGAATTGGT-1,0.41943,0.58057
CCGCCTTGCGATGTCG-1,0.261375,0.738625
CCGCGATTTGGTAGGT-1,0.870157,0.129843
CCGCGCAAGATACCCA-1,0.295401,0.704599
CCGCGGGTACGAAGAA-1,0.914618,0.085382
CCGCGTAGGTAAGGGC-1,0.975517,0.024483
CCGCTATCAGCACCAG-1,0.945697,0.054303
CCGCTCTTCCGAACTA-1,0.010609,0.989391
CCGCTGGTGCCATTCA-1,0.005285,0.994715
CCGCTTACCTCACTCT-1,0.350559,0.649441
CCGGCCGCGAGCATAT-1,0.852132,0.147868
CCGGCGTGAGACTCTG-1,0.881898,0.118102
CCGGGCGGTCTCGTCA-1,0.942482,0.057518
CCGGGCTGCTCCATAC-1,0.998609,0.001391
CCGGGTTCGAGGTTAC-1,0.791505,0.208495
CCGGTGCGAGTGATAG-1,0.000054,0.999946
CCGGTTTGTAATTGTG-1,0.184023,0.815977
CCGTAAGTTGGTCCCA-1,0.809327,0.190673
CCGTAGGAAATCCCTG-1,0.000148,0.999852
CCGTAGGGTTGTTTAC-1,0.225981,0.774019
CCGTATCTCGTCGTAG-1,0.375168,0.624832
CCGTGTTAAATTCCAT-1,0.247826,0.752174
CCGTTACGTTAGAACA-1,0.674404,0.325596
CCGTTCCGAATCTCGG-1,0.953056,0.046944
CCTAAAGGCTGACGCT-1,0.477772,0.522228
CCTAAATTAACGGTTC-1,0.754167,0.245833
CCTAACCCAAACAAGT-1,0.617075,0.382925
CCTAACTAAGGCTCTA-1,0.617677,0.382323
CCTACATTCACAGACG-1,0.23845,0.76155
CCTAGGCGTAGCGATC-1,0.996569,0.003431
CCTAGGTAAAGGTAGC-1,0.168733,0.831267
CCTAGTTAGTCGCATG-1,0.188405,0.811595
CCTATAATGAGTGCCC-1,0.258669,0.741331
CCTATATCGTGTCACG-1,0.174128,0.825872
CCTATCTATATCGGAA-1,0.452401,0.547599
CCTATGGCTCCTAGTG-1,0.123637,0.876363
CCTATGGGTTACCGTC-1,0.33706,0.66294
CCTATGTCCACTCCAC-1,0.086667,0.913333
CCTATTATTCCGGCCG-1,0.086655,0.913345
CCTCAACGATCGCTGT-1,0.438331,0.561669
CCTCACCTTAGCATCG-1,0.295988,0.704012
CCTCCGACAATTCAAG-1,0.663455,0.336545
CCTCCTGAGCCCACAT-1,0.994927,0.005073
CCTCCTGTTGTGTCGT-1,0.000085,0.999915
CCTCGAAGTGGACGGG-1,0.999031,0.000969
CCTCGACCCACTGCCT-1,0.297614,0.702386
CCTCGCCAGCAAATTA-1,0.404783,0.595217
CCTCGCGCGATATAGG-1,0.773586,0.226414
CCTCGCGCTGTGCGAT-1,0.326619,0.673381
CCTCGGACCGGGATAG-1,0.974365,0.025635
CCTCGGATGCTACCTG-1,0.999374,0.000626
CCTCTAATCTGCCAAG-1,0.614571,0.385429
CCTCTACAAGGATTGG-1,0.179089,0.820911
CCTCTATCGATTAGCA-1,0.643487,0.356513
CCTCTCTCCCATCTAG-1,0.37909,0.62091
CCTCTGGCCTAGACGG-1,0.143395,0.856605
CCTCTGTACTATTCTA-1,0.000247,0.999753
CCTGAACGATATATTC-1,0.773973,0.226027
CCTGAATATTTACATA-1,0.892001,0.107999
CCTGACAAACTCGCGC-1,0.99756,0.00244
CCTGACCACCGATGGT-1,0.231312,0.768688
CCTGACGCAACCTTTA-1,0.44469,0.55531
CCTGCCCGTTGTCTAG-1,0.867784,0.132216
CCTGCGTTCTACGCTT-1,0.999454,0.000546
CCTGGTCGAATGTGGG-1,0.348812,0.651188
CCTGTACTCACGCCCA-1,0.431871,0.568129
CCTGTCACCCGGGCTC-1,0.444749,0.555251
CCTGTCGCCCGTAAAT-1,0.430517,0.569483
CCTGTGAAACCGTAAC-1,0.873643,0.126357
CCTGTGCATAGGAGAC-1,0.434443,0.565557
CCTGTTTGAAGACACG-1,0.016231,0.983769
CCTTCTCAGCGTTCCT-1,0.321212,0.678788
CCTTCTTGATCCAGTG-1,0.655551,0.344449
CCTTTCAATGAAGAAA-1,0.130928,0.869072
CCTTTGAATTATGGCT-1,0.667584,0.332416
CGAAACATAGATGGCA-1,0.150744,0.849256
CGAAACGCAATTCATG-1,0.828913,0.171087
CGAACAGTATGGGCGT-1,0.397386,0.602614
CGAACGCCCAGTGCCG-1,0.72251,0.27749
CGAACGGCCGGACAAC-1,0.999583,0.000417
CGAAGACGGTGAGTGC-1,0.97724,0.02276
CGAAGGGTTTCAGATT-1,0.205189,0.794811
CGAAGTTGCTCTGTGT-1,0.149114,0.850886
CGAATCTGCTCGACGC-1,0.032607,0.967393
CGAATGAAGTCATTGC-1,0.226319,0.773681
CGACAATTTGATCTAA-1,0.440008,0.559992
CGACACGCTCCGACAG-1,0.56569,0.43431
CGACCCTTAACGCCGG-1,0.994412,0.005588
CGACCTACTAGACAAT-1,0.75427,0.24573
CGACGCATCCGTACCT-1,0.060858,0.939142
CGACTCAGGATGTTAT-1,0.927711,0.072289
CGAGACCCTAGAGTGT-1,0.344373,0.655627
CGAGAGATGTGAACCT-1,0.818954,0.181046
CGAGAGCGCGTAGATA-1,0.318447,0.681553
CGAGAGCTTTCACTAC-1,0.117395,0.882605
CGAGAGGGTAGCCGCG-1,0.147633,0.852367
CGAGCCGAGCACTCGA-1,0.230245,0.769755
CGAGCTGGGCTTTAGG-1,0.357739,0.642261
CGAGGCTAAATATGGC-1,0.611282,0.388718
CGAGGGACTGCGGTCG-1,0.999583,0.000417
CGAGGGTATCCAGGTG-1,0.493635,0.506365
CGAGTACTAAAGAGGA-1,0.820762,0.179238
CGAGTGAAGGTACCAG-1,0.120392,0.879608
CGAGTTCTGTCCCACC-1,0.831897,0.168103
CGAGTTTATCGGACTG-1,0.444515,0.555485
CGATAGCGATACAGTG-1,0.496215,0.503785
CGATAGTCGTACTGCA-1,0.186301,0.813699
CGATCCTCGCAACATA-1,0.160355,0.839645
CGATCTGTTGGAGGAC-1,0.880982,0.119018
CGATGGACCCTACGCC-1,0.319916,0.680084
CGATGTTGTTATCTAC-1,0.38613,0.61387
CGATTAAATATCTCCT-1,0.840356,0.159644
CGATTCGCCTGGCTGC-1,0.727376,0.272624
CGCAATCGATCATTAG-1,0.204037,0.795963
CGCAATTCTACAATAA-1,0.127553,0.872447
CGCACATGTCCACTAC-1,0.522436,0.477564
CGCACGTGCGCTATCA-1,0.183543,0.816457
CGCAGGCGATCCAAAC-1,0.320176,0.679824
CGCATCATGGCTTCAG-1,0.591405,0.408595
CGCATGGTGCGATGCT-1,0.998661,0.001339
CGCCAAGAAGCCGAGT-1,0.999554,0.000446
CGCCAATTATTGCGTT-1,0.200919,0.799081
CGCCACAGGTCGCGAT-1,0.21276,0.78724
CGCCACCCGCATTAAC-1,0.365539,0.634461
CGCCATCCGATTATGA-1,0.50309,0.49691
CGCCCAGCGTTTCACG-1,0.278573,0.721427
CGCCCGCTTCCGTACA-1,0.341056,0.658944
CGCCCTTGAAGGCTGA-1,0.590029,0.409971
CGCCGACTATTCGCTA-1,0.991057,0.008943
CGCCGCCCATGCCTGT-1,0.691317,0.308683
CGCCGTTCAGCATAGT-1,0.000167,0.999833
CGCCTCCCTCCTCTAT-1,0.999219,0.000781
CGCCTGGCCTACGTAA-1,0.997936,0.002064
CGCGAAGTGGCATACT-1,0.002633,0.997367
CGCGACACTGCGCAGC-1,0.512339,0.487661
CGCGACCGCGACAGAT-1,0.19065,0.80935
CGCGAGTCTGCCGGGT-1,0.634345,0.365655
CGCGCAAATGTCCAGA-1,0.215397,0.784603
CGCGCCCGACTTAATA-1,0.424334,0.575666
CGCGGCAGTATTACGG-1,0.592237,0.407763
CGCGGCTCAACTTGAA-1,0.466918,0.533082
CGCGGGAATTAGGCAG-1,0.621013,0.378987
CGCTAGAGACCGCTGC-1,0.00234,0.99766
CGCTCTCCGTAGATTA-1,0.094639,0.905361
CGCTGGTGACTACCCT-1,0.259536,0.740464
CGCTGTGTGGATGTTG-1,0.069975,0.930025
CGCTTATTCCCGGTCG-1,0.73888,0.26112
CGCTTCGGTCTAAGAC-1,0.247913,0.752087
CGCTTTCTTGCATTCG-1,0.932053,0.067947
CGGAAAGCAAATGTGC-1,0.276661,0.723339
CGGAAATTTCACATCC-1,0.220814,0.779186
CGGACGTTACTTGAAG-1,0.000027,0.999973
CGGAGCAATTTAATCG-1,0.094762,0.905238
CGGAGCATGGCGATCC-1,0.768746,0.231254
CGGAGCTTATAACACC-1,0.999602,0.000398
CGGAGTTTGAGAGACA-1,0.155292,0.844708
CGGATAAGCGGACATG-1,0.221072,0.778928
CGGATCCTCAAGGACT-1,0.251129,0.748871
CGGCAAACATCGTGCG-1,0.107074,0.892926
CGGCACCGTTAGCGCC-1,0.605947,0.394053
CGGCAGGGTCGGGTTG-1,0.287113,0.712887
CGGCCAGAGCGACCAT-1,0.528183,0.471817
CGGCGCCATCAATCCC-1,0.055086,0.944914
CGGCTCTTCGTCGAAC-1,0.629638,0.370362
CGGCTGCAAGATTAAG-1,0.377618,0.622382
CGGGAATTTATGTAAA-1,0.544331,0.455669
CGGGAGCTTCAGTGTA-1,0.595074,0.404926
CGGGAGTATACCGCCG-1,0.748867,0.251133
CGGGCCATAGCCGCAC-1,0.182666,0.817334
CGGGTGTACCCATTTA-1,0.987045,0.012955
CGGTAACAAGATACAT-1,0.369465,0.630535
CGGTACGGCAAACCCA-1,0.698195,0.301805
CGGTACTAGAATCAAA-1,0.550741,0.449259
CGGTAGAGGTGCAGGT-1,0.469637,0.530363
CGGTATAGGTATTAGC-1,0.297955,0.702045
CGGTCAAGTGGGAACC-1,0.477531,0.522469
CGGTCTATCAACCCGT-1,0.162191,0.837809
CGGTGAAGACTAAAGT-1,0.51637,0.48363
CGGTGCAGATAGAACG-1,0.795694,0.204306
CGGTGCGCGTTGGTCC-1,0.455306,0.544694
CGGTGGGCTCCAGCCT-1,0.063269,0.936731
CGGTTATCCAACAGTG-1,0.000014,0.999986
CGGTTCAAGTAGGTGT-1,0.25602,0.74398
CGGTTGACCTGGCATA-1,0.692767,0.307233
CGGTTGAGTATCCTTC-1,0.165286,0.834714
CGGTTTACTGAACATT-1,0.192292,0.807708
CGTAACTTCGACACTT-1,0.07933,0.92067
CGTAATAATTACGAGT-1,0.296988,0.703012
CGTACCGAAAGTCTAG-1,0.447154,0.552846
CGTACCTGATAGGCCT-1,0.925791,0.074209
CGTAGCGAATTGTCAG-1,0.278148,0.721852
CGTCAAGGCTATAAAT-1,0.190966,0.809034
CGTCAATCTTTAACAT-1,0.16319,0.83681
CGTCAGCTATTTACTC-1,0.190698,0.809302
CGTCATACCATATCCA-1,0.51975,0.48025
CGTCCAGATGGCTCCA-1,0.648049,0.351951
CGTCGCATGTGAGCCA-1,0.44561,0.55439
CGTCGCGGCGGGATTT-1,0.996776,0.003224
CGTCGCTTGGTTATAC-1,0.130879,0.869121
CGTCGGATAGTGTTGA-1,0.56895,0.43105
CGTCGGGTCTAAGCGC-1,0.905403,0.094597
CGTCGTCCTTCGCGAA-1,0.268464,0.731536
CGTGACATTGGGTCGT-1,0.520733,0.479267
CGTGCAGACTGGGACA-1,0.998693,0.001307
CGTGCATTGTCGACGC-1,0.811222,0.188778
CGTGCCCTCCCGAAGA-1,0.637342,0.362658
CGTGCTGGCCTAGTCG-1,0.545344,0.454656
CGTGCTTCTACCTAAA-1,0.000206,0.999794
CGTGGCCGAATATCTA-1,0.446753,0.553247
CGTGGTACCCAAAGGC-1,0.155805,0.844195
CGTGTCTCGTTACGAC-1,0.000227,0.999773
CGTTAATGTCCCGACG-1,0.008506,0.991494
CGTTAGCTCACAACTG-1,0.651652,0.348348
CGTTATCATACTTCCA-1,0.740374,0.259626
CGTTCATGGTGCGCGT-1,0.8298,0.1702
CGTTGAATACCGCGCT-1,0.091103,0.908897
CGTTGAGCGACCGTCG-1,0.837004,0.162996
CGTTGCCCGCGTGGGA-1,0.007881,0.992119
CGTTGTAAACGTCAGG-1,0.458507,0.541493
CGTTGTCGGCAATTGA-1,0.188343,0.811657
CGTTTCACTTCGGGCG-1,0.998585,0.001415
CGTTTGTGTAGAGGGT-1,0.094272,0.905728
CTAAAGAATGCCTACT-1,0.248218,0.751782
CTAAAGGGAAATAGGA-1,0.618141,0.381859
CTAAATCCGGTGTACA-1,0.000075,0.999925
CTAAATCCTATTCCGG-1,0.775548,0.224452
CTAACAGCACAATAAC-1,0.30258,0.69742
CTAACCGCGCGCCCGT-1,0.901668,0.098332
CTAACGAAACTTGCTG-1,0.750329,0.249671
CTAACTGATAATCGCC-1,0.189944,0.810056
CTAACTGGTCCGGTTC-1,0.000082,0.999918
CTAAGGGAATGATTGG-1,0.888935,0.111065
CTAATGCGCCCAACAA-1,0.410803,0.589197
CTACAAGAAATAACCC-1,0.007587,0.992413
CTACACTCGCAGATGG-1,0.225062,0.774938
CTACCCTAAGGTCATA-1,0.578248,0.421752
CTACGAACTAGGTCGA-1,0.342199,0.657801
CTACGACTAGCTATAA-1,0.995214,0.004786
CTACGCCATTTCCGAT-1,0.128759,0.871241
CTACTATCATAGGTTT-1,0.336816,0.663184
CTACTATCTTTCAGAG-1,0.870917,0.129083
CTACTCAAGGTATAGT-1,0.123706,0.876294
CTACTCTAGGCCCGGC-1,0.796426,0.203574
CTACTGCCACCTGACC-1,0.264904,0.735096
CTAGACTGCATTTCGT-1,0.374536,0.625464
CTAGATTTACGACGGC-1,0.575682,0.424318
CTAGCATAGTATAATG-1,0.205558,0.794442
CTAGCCGATGTTATGA-1,0.666826,0.333174
CTAGGCGCCCTATCAG-1,0.365854,0.634146
CTAGGTTCGGACGTGA-1,0.998566,0.001434
CTAGTAGAAAGGGATT-1,0.267588,0.732412
CTAGTATTCGGAATTA-1,0.501983,0.498017
CTAGTCACGTCTTAAG-1,0.837122,0.162878
CTAGTGAAGGACAGGA-1,0.356255,0.643745
CTAGTTACAACCCGGT-1,0.69834,0.30166
CTAGTTGGGCCCGGTA-1,0.959839,0.040161
CTATAAGAGCCAATCG-1,0.000027,0.999973
CTATACTTAAAGCGAG-1,0.61819,0.38181
CTATAGGCGTTGATGT-1,0.029866,0.970134
CTATCGACGAAATACA-1,0.154473,0.845527
CTATCGGGTCTCAACA-1,0.307077,0.692923
CTATGCCCGAATGCAA-1,0.273499,0.726501
CTATGGGAAGCGGAAT-1,0.148591,0.851409
CTATGTCACTAGCCCA-1,0.412621,0.587379
CTATGTGAGTCACGGC-1,0.999184,0.000816
CTATTCATGTGTCCCA-1,0.61128,0.38872
CTATTTGGTTACGGAT-1,0.999545,0.000455
CTCAAACCACTGCCCG-1,0.000135,0.999865
CTCAACTAACCCGGAT-1,0.198347,0.801653
CTCACATTTACTAAAT-1,0.552259,0.447741
CTCACCAGTACAAGTG-1,0.752571,0.247429
CTCACTGTGATACTTA-1,0.339567,0.660433
CTCACTTGGCTGGTAA-1,0.774174,0.225826
CTCAGATTGTGATAAG-1,0.897697,0.102303
CTCAGTCACGACAAAT-1,0.26519,0.73481
CTCATGGTAATTTGCG-1,0.506676,0.493324
CTCATTCGTGAACATC-1,0.720988,0.279012
CTCATTGCTCTAACAA-1,0.356188,0.643812
CTCCCTCCTTTCGATC-1,0.87999,0.12001
CTCCGCCCACATGAGG-1,0.191658,0.808342
CTCCGGCTTGTAGACA-1,0.307087,0.692913
CTCGAGACATACGATA-1,0.909442,0.090558
CTCGAGATCCAAAGCA-1,0.532997,0.467003
CTCGATATTTGCGAGC-1,0.41404,0.58596
CTCGCACCTATATAGT-1,0.890926,0.109074
CTCGCATTGCATAGCC-1,0.000044,0.999956
CTCGCCGAATGTAGGG-1,0.72455,0.27545
CTCGGGCATCGTCGGG-1,0.309866,0.690134
CTCGGGTTCTCTGGCC-1,0.033828,0.966172
CTCGGTACCACTGCTC-1,0.82784,0.17216
CTCGGTTGTCGGCCCT-1,0.409765,0.590235
CTCGTCGAGGGCTCAT-1,0.420483,0.579517
CTCGTTTCTAATGTTT-1,0.186781,0.813219
CTCTACACTGGCGATT-1,0.999343,0.000657
CTCTAGCCCTCGGAAA-1,0.282384,0.717616
CTCTATTTGGCTGCAG-1,0.930338,0.069662
CTCTCACAATCGATGA-1,0.937724,0.062276
CTCTCGCTGTACTATG-1,0.107822,0.892178
CTCTCTAACTGCCTAG-1,0.583098,0.416902
CTCTGGACGCCTGGTG-1,0.123216,0.876784
CTCTGTTTGAGGATTC-1,0.286342,0.713658
CTCTTCTATTGACTGG-1,0.552636,0.447364
CTCTTCTGGAAGTTAG-1,0.152198,0.847802
CTGAAAGAGATCCGAC-1,0.762273,0.237727
CTGATAGTGTATCTCA-1,0.918096,0.081904
CTGCACAACTACATAT-1,0.759487,0.240513
CTGCACTCCAGTACAG-1,0.192711,0.807289
CTGCAGAGAATCAGAG-1,0.270939,0.729061
CTGCAGGTGCTCGGCC-1,0.097143,0.902857
CTGCCAAGGTTGGAAG-1,0.582147,0.417853
CTGCCATGCATCACAT-1,0.33178,0.66822
CTGCCCACGAAGCGTT-1,0.990607,0.009393
CTGCCTAGCCACCAAG-1,0.106349,0.893651
CTGCCTTTAATACCTT-1,0.00008,0.99992
CTGCCTTTCTAGTAAA-1,0.143524,0.856476
CTGCGGGTGAAATGTT-1,0.85495,0.14505
CTGCGGTAGTCACGTG-1,0.830191,0.169809
CTGCGTTACGATATAA-1,0.998641,0.001359
CTGCTGAGGCCACGAA-1,0.273923,0.726077
CTGCTTGGCGATAGCT-1,0.260095,0.739905
CTGGAAGACACGGTGG-1,0.682529,0.317471
CTGGACGCAGTCCGGC-1,0.999022,0.000978
CTGGCATCCGAATGAG-1,0.875373,0.124627
CTGGCGACATAAGTCC-1,0.509307,0.490693
CTGGCGCACAGGTCTG-1,0.354175,0.645825
CTGGCGGGAATAAGTA-1,0.517682,0.482318
CTGGCTGATTCATCCT-1,0.38492,0.61508
CTGGGATAAATAATGG-1,0.513774,0.486226
CTGGGCCTGCTATATC-1,0.295409,0.704591
CTGGGCGGCCAAATGT-1,0.684723,0.315277
CTGGGTAGGCAGTTAA-1,0.870482,0.129518
CTGGGTTGAGTTAAAG-1,0.695612,0.304388
CTGGTAACACATAGAA-1,0.988949,0.011051
CTGGTAACGAGCTCTT-1,0.368904,0.631096
CTGGTCATTCCAATCC-1,0.648881,0.351119
CTGGTGAATGGGCCTA-1,0.321954,0.678046
CTGGTTTCGAGCAAGA-1,0.999315,0.000685
CTGTCAAATGGCTCGG-1,0.279283,0.720717
CTGTCTGTGGCTGGCT-1,0.457416,0.542584
CTGTGCAGGGTAGGTC-1,0.685252,0.314748
CTGTGGTCGGGAGATA-1,0.345266,0.654734
CTGTTGGCTCTTCTGA-1,0.630738,0.369262
CTTAAATAAGACCCAT-1,0.606989,0.393011
CTTAAGCAGCGAGCCG-1,0.728172,0.271828
CTTAGCCCGGATAGTG-1,0.999557,0.000443
CTTAGCCTTCCACATG-1,0.340867,0.659133
CTTAGGTATAGACCAG-1,0.063317,0.936683
CTTAGTGTAGTAGCAT-1,0.300102,0.699898
CTTAGTTGAGGAATCG-1,0.221987,0.778013
CTTATGCGCTCAGGGC-1,0.923991,0.076009
CTTCAACTCCACTTGG-1,0.206148,0.793852
CTTCAGTGGTCGCCTA-1,0.899693,0.100307
CTTCTATGTTGAAGTA-1,0.402059,0.597941
CTTCTGGGCGTACCTA-1,0.285143,0.714857
CTTGAGTTAGGGTAAT-1,0.99781,0.00219
CTTGCAACCGCCTCCT-1,0.623028,0.376972
CTTGTCAACATTCGAG-1,0.75158,0.24842
CTTGTGAGGACAGCGG-1,0.15201,0.84799
CTTGTGCTCACCGATT-1,0.786285,0.213715
CTTGTTGCTGAGTCAA-1,0.701152,0.298848
CTTTAACTTTCAAAGG-1,0.79363,0.20637
CTTTAATATTGGTCGA-1,0.755558,0.244442
CTTTACCGAATAGTAG-1,0.802661,0.197339
CTTTAGGAACACTGTT-1,0.972819,0.027181
CTTTAGTGCTATTATT-1,0.544896,0.455104
CTTTCTGTGCGGGCTT-1,0.844636,0.155364
CTTTGACGTCGCTTCT-1,0.799433,0.200567
CTTTGCATCGCTCTTG-1,0.000191,0.999809
CTTTGGCGCTTTATAC-1,0.934423,0.065577
CTTTGGGATTGTTGCA-1,0.443927,0.556073
CTTTGTCGAATGCTCC-1,0.202406,0.797594
GAAACAGATGACCACC-1,0.281769,0.718231
GAAACATAGGAAACAG-1,0.317662,0.682338
GAAACTCGTGCGATGC-1,0.784354,0.215646
GAAACTCTAATGAAGG-1,0.360565,0.639435
GAAAGAACAGCGTTAT-1,0.251413,0.748587
GAAAGCCCTTTGGACC-1,0.750983,0.249017
GAAATACCTGCTGGCT-1,0.357067,0.642933
GAAATACTAAACGTTT-1,0.512234,0.487766
GAAATATCACCATCAG-1,0.497465,0.502535
GAAATCGCGCGCAACT-1,0.963145,0.036855
GAAATCTGACCAAGTT-1,0.78259,0.21741
GAAATGGGATGTAAAC-1,0.287107,0.712893
GAAATTAGCACGGATA-1,0.842423,0.157577
GAACAGATTACTAAAT-1,0.410537,0.589463
GAACCCTCTGTGTTCT-1,0.386267,0.613733
GAACCTCGACCTACAC-1,0.407909,0.592091
GAACCTTTAACGATCC-1,0.281027,0.718973
GAACGTCTCATGGTCG-1,0.545194,0.454806
GAACGTTAGGAAGACG-1,0.997401,0.002599
GAAGAAACGATATTGT-1,0.022468,0.977532
GAAGCCACTGATTATG-1,0.296095,0.703905
GAAGCCGGGTAAGCTC-1,0.69492,0.30508
GAAGCCTGCACATTCC-1,0.514592,0.485408
GAAGCTCGGACCCGTC-1,0.136292,0.863708
GAAGCTCTTTGCTTAG-1,0.41546,0.58454
GAAGGACTAAATTGAA-1,0.176348,0.823652
GAAGGGCATAACCATG-1,0.155693,0.844307
GAAGTCTCCCTAGCGA-1,0.707985,0.292015
GAATAGACGCGACCCA-1,0.833522,0.166478
GAATAGTGCTCGATTA-1,0.000186,0.999814
GAATATTCGGAGTCCC-1,0.52118,0.47882
GAATCTATACTCGGAC-1,0.114859,0.885141
GAATCTGAACATTCTC-1,0.359013,0.640987
GAATGCCGAAATGACC-1,0.257517,0.742483
GAATGCGAATCGGTTC-1,0.254031,0.745969
GAATGGGCTTATCGAC-1,0.999441,0.000559
GAATGTATGGCAGGTC-1,0.893839,0.106161
GAATGTGGTCCGGATT-1,0.276894,0.723106
GAATGTTGGGTAATCT-1,0.582478,0.417522
GAATTATAGTGAAAGG-1,0.423064,0.576936
GAATTTCTCGCTGCAG-1,0.339275,0.660725
GACAAACATATGCAGG-1,0.511729,0.488271
GACAACGACCATTGAA-1,0.895862,0.104138
GACACAAGGGAAGAAA-1,0.620409,0.379591
GACAGATTTCTGGCTC-1,0.777148,0.222852
GACAGCCAGACCTGAC-1,0.714625,0.285375
GACAGGCACACACTAT-1,0.996585,0.003415
GACATACTGTCGCAGA-1,0.773445,0.226555
GACATCCGTCGAACTG-1,0.270638,0.729362
GACCAGGTCATTCATA-1,0.242583,0.757417
GACCCAATTATGATAC-1,0.644001,0.355999
GACCGACCGCTAATAT-1,0.31415,0.68585
GACCGACTGAAGCGTC-1,0.925063,0.074937
GACCGTCAGGTCGTGA-1,0.595458,0.404542
GACCGTTACATGCGAC-1,0.997489,0.002511
GACCTGGTCTGGGCGT-1,0.233001,0.766999
GACGACGATCCGCGTT-1,0.389001,0.610999
GACGAGGCTAATAAAC-1,0.10853,0.89147
GACGCATACCCGTCGG-1,0.589237,0.410763
GACGCTTGCTTCTAAA-1,0.6204,0.3796
GACGGTCAATAGAAGC-1,0.166295,0.833705
GACTAACACAGCACCT-1,0.736065,0.263935
GACTACAAAGCGGTGG-1,0.833986,0.166014
GACTACAATTGCTCGT-1,0.450327,0.549673
GACTCCTTCCAATTGA-1,0.221903,0.778097
GACTCGCGGGAATGAC-1,0.410133,0.589867
GACTGCAAATCGAGCT-1,0.211837,0.788163
GACTGCACCAGCCCAG-1,0.736689,0.263311
GACTGCGGCACGTGTA-1,0.2571,0.7429
GACTGCTGGTGAGAAA-1,0.170017,0.829983
GACTGGGCGCCGCAAC-1,0.838531,0.161469
GAGAATCTCACGATCA-1,0.98253,0.01747
GAGAGCGCAGTCCCTG-1,0.308481,0.691519
GAGAGGTGCATTCTGG-1,0.347243,0.652757
GAGATCGATCTTACTC-1,0.228517,0.771483
GAGATCTGTCACTCCG-1,0.524133,0.475867
GAGATCTTCCATGACA-1,0.004313,0.995687
GAGATGGGAGTCGACA-1,0.781571,0.218429
GAGCACCTGTGTCCAG-1,0.154989,0.845011
GAGCATCAACAACTTG-1,0.000101,0.999899
GAGCCAGCTACCTGTG-1,0.292704,0.707296
GAGCGCGCACGAGTAG-1,0.494175,0.505825
GAGCGCTGTTAGGTAA-1,0.000074,0.999926
GAGCGGAATGCGGTGT-1,0.306708,0.693292
GAGCTAAGGGCATATC-1,0.350598,0.649402
GAGGAATGGAGAGGTT-1,0.279651,0.720349
GAGGAGATCCTCATGC-1,0.115869,0.884131
GAGGCCCGACTCCGCA-1,0.877739,0.122261
GAGGCCTGTTGATACA-1,0.345196,0.654804
GAGGCTATCAAAGTCG-1,0.70599,0.29401
GAGGGAGTCAGATCGC-1,0.170253,0.829747
GAGGGCGCAGCTCTGC-1,0.798093,0.201907
GAGGGTAGTAACAAAG-1,0.000084,0.999916
GAGGTACATCCATCTT-1,0.804281,0.195719
GAGTAAGGCCACGGGA-1,0.999477,0.000523
GAGTAGATACTAGTTG-1,0.197784,0.802216
GAGTATGCGCGTGCAT-1,0.243747,0.756253
GAGTCGACAGACCCTC-1,0.62825,0.37175
GAGTCTTGTAAAGGAC-1,0.783621,0.216379
GAGTGTCAACCAGAAA-1,0.309957,0.690043
GAGTGTGCGGTACCCA-1,0.85068,0.14932
GAGTTCTGTGGGTGCT-1,0.648562,0.351438
GAGTTGATGGCAATTT-1,0.998973,0.001027
GATAACTCGCACTGTG-1,0.9044,0.0956
GATAAGGGACGATTAG-1,0.820723,0.179277
GATAGCGTACCACGCG-1,0.328909,0.671091
GATAGGTAACGTTGAC-1,0.307938,0.692062
GATATCAAGCAGGAGC-1,0.708826,0.291174
GATATCAGTATGTATC-1,0.511129,0.488871
GATATGAGACACTAAC-1,0.412022,0.587978
GATATGCGGTAGCCAA-1,0.922302,0.077698
GATATGGATTACGCGG-1,0.914926,0.085074
GATATTGAGATTGGCG-1,0.213068,0.786932
GATATTTCCTACATGG-1,0.540454,0.459546
GATCAACATAAAGGGA-1,0.024764,0.975236
GATCCGGGAATTAACA-1,0.278363,0.721637
GATCCTAAATCGGGAC-1,0.000028,0.999972
GATCCTCGACACTGGC-1,0.395255,0.604745
GATCCTCTTGCGCTTA-1,0.553965,0.446035
GATCGCTACCCGATTT-1,0.3744,0.6256
GATCGCTATATCTCAG-1,0.039112,0.960888
GATCGGATAGAACCAT-1,0.999415,0.000585
GATCGGCGATAAGTCG-1,0.807403,0.192597
GATCGGTGGCCATAAC-1,0.231215,0.768785
GATCGTGACTGATATC-1,0.79209,0.20791
GATCTAACCGTATTCA-1,0.611888,0.388112
GATCTTCATTGTCCTC-1,0.706042,0.293958
GATCTTGGAGGGCATA-1,0.919785,0.080215
GATCTTTGCAGGGTAT-1,0.371004,0.628996
GATGACAAGTAGGGCA-1,0.000109,0.999891
GATGCCAGCAGAAGGC-1,0.564462,0.435538
GATGCCTTCTGCGGCA-1,0.548144,0.451856
GATGCGAATGGTATTA-1,0.259749,0.740251
GATGCTGTATTTCATC-1,0.865221,0.134779
GATGGTGCCCTAGGCA-1,0.504464,0.495536
GATGTAACGAACCACC-1,0.418332,0.581668
GATGTCGGTCAACTGC-1,0.129681,0.870319
GATGTGTTGTCACAAG-1,0.103016,0.896984
GATTAACCGAAAGCCC-1,0.264463,0.735537
GATTACTGAATTTGGG-1,0.332027,0.667973
GATTCCCTTGTCGCAG-1,0.91145,0.08855
GATTCCGCGTTTCCGT-1,0.13896,0.86104
GATTCCTATACGGCGC-1,0.054259,0.945741
GATTCGACGGTTCACG-1,0.665008,0.334992
GATTGCTCCAGTTGCA-1,0.075568,0.924432
GCAAACCCTACATTAT-1,0.72778,0.27222
GCAAACCTTGGCCATA-1,0.373461,0.626539
GCAAAGGGCGTTAGCC-1,0.303444,0.696556
GCAAATGAGGACACTT-1,0.307624,0.692376
GCAACACACTAGAACT-1,0.699814,0.300186
GCAACCACCAGACCGG-1,0.893156,0.106844
GCAACCACGGCCGCGT-1,0.954809,0.045191
GCAACCCAAGTTGTTT-1,0.359036,0.640964
GCAAGAATTCCTTGGC-1,0.752047,0.247953
GCAAGCTGGAAACCGC-1,0.332529,0.667471
GCAAGTGTAAAGCATG-1,0.177156,0.822844
GCACAAACCCTAGATG-1,0.227437,0.772563
GCACAACCTCGGGCGT-1,0.06343,0.93657
GCACAAGTGGATCATA-1,0.152466,0.847534
GCACACACTGGTAGCC-1,0.182596,0.817404
GCACACGCCCATGGTC-1,0.995448,0.004552
GCACGCCTACTTAGAT-1,0.104347,0.895653
GCACGTGGTTTACTTA-1,0.426963,0.573037
GCAGACCCAGCACGTA-1,0.217188,0.782812
GCAGATCCATAAGACT-1,0.897303,0.102697
GCAGATCCTCGCAAAT-1,0.655058,0.344942
GCAGGAACTTAGATCT-1,0.407937,0.592063
GCAGGACTATAGAATA-1,0.460888,0.539112
GCAGGTAGAGTATGGT-1,0.997703,0.002297
GCAGTGTGGCTATAGG-1,0.18755,0.81245
GCATACGAGGTCTTTA-1,0.530999,0.469001
GCATCCTCTCCTATTA-1,0.436808,0.563192
GCATCGGCCGTGTAGG-1,0.234111,0.765889
GCATGAGGGACGCGGC-1,0.8598,0.1402
GCATGGGTACTGACGC-1,0.954157,0.045843
GCATTCGAAATGAACA-1,0.28302,0.71698
GCATTGACTTGCGGAA-1,0.590226,0.409774
GCATTGTAATTCATAT-1,0.767019,0.232981
GCCAAGAATACTTCTG-1,0.122925,0.877075
GCCAATAGGGCATCTC-1,0.377862,0.622138
GCCACAATTTAAGGAC-1,0.276697,0.723303
GCCACCCATTCCACTT-1,0.258701,0.741299
GCCACTCAGAGCGCGA-1,0.002694,0.997306
GCCAGGAGTAACCGAT-1,0.468813,0.531187
GCCAGGCGTTCGCATG-1,0.962698,0.037302
GCCAGGCTTAGTGGTA-1,0.489544,0.510456
GCCATATTGCACACAG-1,0.681396,0.318604
GCCATTAGCCTCAAAC-1,0.817906,0.182094
GCCCGACTTCTTCCCG-1,0.635086,0.364914
GCCCGAGAGTCTAAAT-1,0.523354,0.476646
GCCCGATCTGTGGTCG-1,0.790407,0.209593
GCCCGTAATACCTTCT-1,0.483245,0.516755
GCCCTAGCCGTCGCGA-1,0.679223,0.320777
GCCGACCCACGACTGC-1,0.000142,0.999858
GCCGCATTAGTCCGGC-1,0.856526,0.143474
GCCTATAGTGTCAGGG-1,0.595787,0.404213
GCCTCATCTGGAAATA-1,0.713949,0.286051
GCCTCCGACAATTCAC-1,0.000197,0.999803
GCCTCTATACATAGCA-1,0.086834,0.913166
GCCTTGTATATGCAGT-1,0.801449,0.198551
GCCTTTGTCAGTGGAC-1,0.300506,0.699494
GCGAAACGATCGGGAG-1,0.274974,0.725026
GCGAAACTTAACTGGA-1,0.800566,0.199434
GCGACCCAACCATCTG-1,0.000169,0.999831
GCGAGAAACGGGAGTT-1,0.31243,0.68757
GCGAGGGACTGCTAGA-1,0.502023,0.497977
GCGAGTTCTGCAAAGA-1,0.748325,0.251675
GCGATGTCTGTGCTTG-1,0.913598,0.086402
GCGATTCTGGAAGCAG-1,0.582343,0.417657
GCGATTGTTAACGTTA-1,0.681944,0.318056
GCGCAAATATATTCAA-1,0.069445,0.930555
GCGCAAGAGCGCGCTG-1,0.070007,0.929993
GCGCATCCAGTCAGCA-1,0.672113,0.327887
GCGCCGTTCCACGATA-1,0.828383,0.171617
GCGCGTCATTGGTACA-1,0.409674,0.590326
GCGCTAAGTATGCATG-1,0.384923,0.615077
GCGCTAATTGAATAGA-1,0.234331,0.765669
GCGCTGATCCAGACTC-1,0.988954,0.011046
GCGCTGCTTTGCATTT-1,0.193924,0.806076
GCGCTGGCGGAAAGTC-1,0.186095,0.813905
GCGCTTAAATAATTGG-1,0.36885,0.63115
GCGGAGAAACTTCGCA-1,0.177226,0.822774
GCGGAGAGGGAGAACG-1,0.458222,0.541778
GCGGCAAAGTATTGCC-1,0.032932,0.967068
GCGGCTCTGACGTACC-1,0.146123,0.853877
GCGGTGAACTGCGCTC-1,0.774812,0.225188
GCGGTGCGGAGCATCG-1,0.659939,0.340061
GCGTAAATGGCCATAA-1,0.345997,0.654003
GCGTCCCTAAGACATA-1,0.006852,0.993148
GCGTCGAAATGTCGGT-1,0.460382,0.539618
GCGTCGCCAGGGTGAT-1,0.70788,0.29212
GCGTGGTACTGGGTTA-1,0.000126,0.999874
GCGTTATATTTGGAAC-1,0.652639,0.347361
GCGTTCGGAGACCGGG-1,0.000198,0.999802
GCTAAACCTGAGGTGA-1,0.304756,0.695244
GCTAACTGAAGTCTGA-1,0.338109,0.661891
GCTAAGTAAAGGCGAT-1,0.73232,0.26768
GCTAAGTAGTTTCTCT-1,0.883759,0.116241
GCTACAATCGAGGATA-1,0.00006,0.99994
GCTACAGTACGGACCG-1,0.99935,0.00065
GCTACGACTTATTGGG-1,0.999056,0.000944
GCTACTATAGTAGAGT-1,0.227817,0.772183
GCTAGAGTAGAGATGT-1,0.12258,0.87742
GCTAGCAGGGAGTGGG-1,0.266551,0.733449
GCTAGCGATAGGTCTT-1,0.247267,0.752733
GCTAGGCACCACGGAG-1,0.636557,0.363443
GCTAGTAGAGCTTGTA-1,0.975108,0.024892
GCTATACGTCTCGGAC-1,0.547549,0.452451
GCTATCATACTCATGG-1,0.401272,0.598728
GCTATGCCAGCTTATG-1,0.835597,0.164403
GCTCAACCTCTTAGAG-1,0.174613,0.825387
GCTCAATCCGTTTATT-1,0.135274,0.864726
GCTCAATGTAATACCG-1,0.414777,0.585223
GCTCATTACTGCATGT-1,0.854053,0.145947
GCTCCTGACATACTGG-1,0.14462,0.85538
GCTCGCGGTTCCGCTC-1,0.575719,0.424281
GCTCGCTCATGTCCAA-1,0.315914,0.684086
GCTCGGAATTTAAAGC-1,0.697194,0.302806
GCTGAATCTTCCAATC-1,0.238835,0.761165
GCTGAGCAACGGTTCT-1,0.600523,0.399477
GCTGAGGCGTGAGTAT-1,0.224113,0.775887
GCTGCACGGTTTCTTA-1,0.460881,0.539119
GCTGCGCCTCCCACGT-1,0.826526,0.173474
GCTGCTACTGCGTAGC-1,0.682236,0.317764
GCTGCTCTCCGGACAC-1,0.000047,0.999953
GCTGGCAGGTGCCGTG-1,0.707114,0.292886
GCTGGCATATTCACCT-1,0.000025,0.999975
GCTGGCGGCGCATGCT-1,0.548152,0.451848
GCTGGGTCCGCTGTTA-1,0.397513,0.602487
GCTGGTTTAGGCCATA-1,0.466996,0.533004
GCTGTATTACTGGCCC-1,0.323226,0.676774
GCTGTTGCTACCGAAC-1,0.049011,0.950989
GCTTAATGTAACTAAC-1,0.807139,0.192861
GCTTATGAAGCAGGAA-1,0.731824,0.268176
GCTTCCAGCTTAGATT-1,0.801569,0.198431
GCTTCCGTCCCTAGAC-1,0.578125,0.421875
GCTTGGATCGATTAGG-1,0.476535,0.523465
GCTTTCAGAGGAGGTG-1,0.266706,0.733294
GGAAACTAAATGGGCC-1,0.191994,0.808006
GGAAAGTGCCCATGCC-1,0.78644,0.21356
GGAACCCGAACAAGAA-1,0.14353,0.85647
GGAACCTTGACTCTGC-1,0.481515,0.518485
GGAACGGCCTGCAGCC-1,0.306254,0.693746
GGAAGCTCGCTTACAG-1,0.400379,0.599621
GGAATGCGCTAGCGTG-1,0.999648,0.000352
GGACAAGCCATGATCG-1,0.36555,0.63445
GGACAAGTTGCAGTGA-1,0.982113,0.017887
GGACCAACAGGATAAC-1,0.322551,0.677449
GGACCTCTAGGCCGCC-1,0.133702,0.866298
GGACTAAGTCAGGAGT-1,0.993108,0.006892
GGACTCGACAGCGCAT-1,0.343323,0.656677
GGACTCGTGAGTGGTC-1,0.141269,0.858731
GGAGACATTCACGGGC-1,0.034702,0.965298
GGAGACCATCTACATA-1,0.797591,0.202409
GGAGACGACACCTTTG-1,0.589826,0.410174
GGAGCAACATTTCAAG-1,0.000121,0.999879
GGAGCACCAAGAACTA-1,0.734099,0.265901
GGAGGAGTGTGTTTAT-1,0.306114,0.693886
GGAGGATTGAAAGGAG-1,0.471321,0.528679
GGAGGGCTTGGTTGGC-1,0.9303,0.0697
GGAGTACACATGAGCT-1,0.606071,0.393929
GGATCAGAGCCATCAG-1,0.750106,0.249894
GGATCATCCCGTACGC-1,0.012136,0.987864
GGATCCCTACCAGCTA-1,0.330399,0.669601
GGATCCGGAATATACT-1,0.999252,0.000748
GGATCTTACTGCCCTT-1,0.033226,0.966774
GGATCTTGACTCAACC-1,0.813831,0.186169
GGATGAAGATCGCTGA-1,0.797285,0.202715
GGATGCTGGCGTTCCT-1,0.89628,0.10372
GGATGTCCTTACCGCA-1,0.628689,0.371311
GGATTAAGCTAAGGTC-1,0.512933,0.487067
GGATTCCGCTATACCC-1,0.659115,0.340885
GGATTGCTGTGACTCC-1,0.191797,0.808203
GGATTTCACTTCTATA-1,0.780827,0.219173
GGCAAAGGCGCCAATA-1,0.11893,0.88107
GGCAAGGCGAAATAGC-1,0.678597,0.321403
GGCAATAGTCAATGAG-1,0.704355,0.295645
GGCAGAGAGATCGGGA-1,0.000707,0.999293
GGCAGCAAACCTATGC-1,0.303723,0.696277
GGCAGCGGTAATCCTA-1,0.279019,0.720981
GGCATACAGGTAGCGG-1,0.880542,0.119458
GGCATATCGGTTCTGC-1,0.323066,0.676934
GGCCACACGAAAGCCT-1,0.724976,0.275024
GGCCCTCACCCACTTA-1,0.601141,0.398859
GGCCGAGACTCTGGTG-1,0.000136,0.999864
GGCCGGCGTCTGCTAT-1,0.418717,0.581283
GGCCTTTGCAACTGGC-1,0.681166,0.318834
GGCGAAATCTAACTTG-1,0.999277,0.000723
GGCGAGCGAAACGGCA-1,0.15881,0.84119
GGCGCAGGACATCTTC-1,0.589128,0.410872
GGCGCGGAGATCTTTC-1,0.350843,0.649157
GGCGCTCCTCATCAAT-1,0.227348,0.772652
GGCGGTAGGATCATTG-1,0.17533,0.82467
GGCGGTTTGCCGGTGC-1,0.134142,0.865858
GGCGTAGGGAAAGCTG-1,0.302337,0.697663
GGCGTCCTATCCGCTG-1,0.118126,0.881874
GGCTAAAGGGCGGGTC-1,0.513398,0.486602
GGCTACTATACACTCC-1,0.570818,0.429182
GGCTCCTCCACCTGTT-1,0.000172,0.999828
GGCTCGCGTTGAGGTA-1,0.456406,0.543594
GGCTCTGCTCCAACGC-1,0.918984,0.081016
GGCTGAAATAGCAAAG-1,0.940293,0.059707
GGCTGGCAGCTTTATG-1,0.337703,0.662297
GGCTTGGCTCTCACCT-1,0.793018,0.206982
GGCTTTCAATAAGGGT-1,0.791768,0.208232
GGGAACGGGAGGTTAG-1,0.000208,0.999792
GGGAACGGTTTCAGAT-1,0.000099,0.999901
GGGAAGACGGTCTGTC-1,0.478347,0.521653
GGGAAGGGCTTTCTCA-1,0.239414,0.760586
GGGAATTCTGTCCAGT-1,0.98401,0.01599
GGGACAGAGTTACTCC-1,0.800739,0.199261
GGGAGAACTCACAGTA-1,0.517236,0.482764
GGGAGTTAATGAGGCG-1,0.964384,0.035616
GGGATACGGTAATAAT-1,0.735224,0.264776
GGGATGGACCCGCGTC-1,0.540952,0.459048
GGGATTATCTCACAAC-1,0.461417,0.538583
GGGATTTACCGCACCT-1,0.729684,0.270316
GGGCAACCGCACGTGC-1,0.998673,0.001327
GGGCACGAATTGGCCG-1,0.65066,0.34934
GGGCACTATTGACCAT-1,0.391899,0.608101
GGGCAGACGTCACTGC-1,0.953205,0.046795
GGGCAGAGCAATCGTT-1,0.368852,0.631148
GGGCAGGATTTCTGTG-1,0.398651,0.601349
GGGCCCTACGAAAGGG-1,0.488206,0.511794
GGGCCCTTATCTATAC-1,0.154611,0.845389
GGGCCGGCCGAAGTAC-1,0.850986,0.149014
GGGCCTAAATGGGCTA-1,0.418858,0.581142
GGGCGAATTTCTCCAC-1,0.210429,0.789571
GGGCGGGTTCCCTACG-1,0.139831,0.860169
GGGCGTCCACTGGCTC-1,0.998913,0.001087
GGGCGTGGTTTCCCAG-1,0.084221,0.915779
GGGCGTTTACATTCAT-1,0.070399,0.929601
GGGCTACTATTTCGTG-1,0.969266,0.030734
GGGCTCATCGAACCCA-1,0.545086,0.454914
GGGCTGCCTAGGGCGA-1,0.63147,0.36853
GGGTACACTCTGGAGG-1,0.091859,0.908141
GGGTACTTCATGAACT-1,0.546428,0.453572
GGGTATGTATGCACTT-1,0.349503,0.650497
GGGTATTCTAGCAAAC-1,0.397706,0.602294
GGGTCATGCGTACCAT-1,0.09151,0.90849
GGGTGGTCCAGCCTGT-1,0.55908,0.44092
GGGTGTTTCAGCTATG-1,0.358726,0.641274
GGGTTCAGACGAACAA-1,0.922424,0.077576
GGTAAATGTGCGTTAC-1,0.596025,0.403975
GGTAACCGGCAAAGGT-1,0.185451,0.814549
GGTAACCGGGAGGATA-1,0.08365,0.91635
GGTACATCTGGGACGA-1,0.937254,0.062746
GGTAGAAGACCGCCTG-1,0.439837,0.560163
GGTAGTGCTCGCACCA-1,0.195372,0.804628
GGTATCAAGCATAGAA-1,0.283256,0.716744
GGTATGAAAGAACTGA-1,0.564343,0.435657
GGTCAAGACTACTTCG-1,0.254197,0.745803
GGTCAGTGGGTCCCAC-1,0.210485,0.789515
GGTCCTTCATACGACT-1,0.010497,0.989503
GGTCGGATAAACGGCG-1,0.611249,0.388751
GGTCGGCCAGGAGCTT-1,0.999606,0.000394
GGTCGTAAGCTCGCAC-1,0.289146,0.710854
GGTCTCCGTCCAGGTT-1,0.180552,0.819448
GGTCTCTGAATGGACT-1,0.3139,0.6861
GGTCTGAGAATCTGGA-1,0.99894,0.00106
GGTCTTGAGCGCTCTT-1,0.146995,0.853005
GGTCTTGGTGTTAACT-1,0.298692,0.701308
GGTGAAGTACAGGGAT-1,0.423291,0.576709
GGTGATAAGGAGCAGT-1,0.712116,0.287884
GGTGATGAAGGAAGTG-1,0.260994,0.739006
GGTGCATAAATGATTA-1,0.76068,0.23932
GGTGCTGATCACAAAG-1,0.491889,0.508111
GGTGGACTGCTCTGGC-1,0.651711,0.348289
GGTGTTCTGTTTCTAC-1,0.655788,0.344212
GGTTACCACCCTCGGG-1,0.828447,0.171553
GGTTAGCTATATGTCT-1,0.560457,0.439543
GGTTAGTTACGGCGCC-1,0.214778,0.785222
GGTTCGGATTATACTA-1,0.89716,0.10284
GGTTGTGCTCTTGTCC-1,0.999607,0.000393
GGTTGTGTAGCCTGGC-1,0.998707,0.001293
GGTTTAATTACCATCG-1,0.028151,0.971849
GGTTTACAATCTCAAT-1,0.607379,0.392621
GGTTTAGCCTTTCTTG-1,0.000438,0.999562
GGTTTCAATCGGTCAG-1,0.065982,0.934018
GGTTTGTGACCTGAGG-1,0.254666,0.745334
GTAACTGCCCAAGGAG-1,0.395869,0.604131
GTAAGGATTTGTCGGA-1,0.136077,0.863923
GTAAGTAACAGTCTGG-1,0.926581,0.073419
GTACACTTACCTGAAG-1,0.843236,0.156764
GTACAGAGGCAAGGGT-1,0.320014,0.679986
GTACGCTTCATTGCAC-1,0.553865,0.446135
GTACGTTTGCCCGTCA-1,0.499957,0.500043
GTACTCCCTTATCGCT-1,0.206969,0.793031
GTACTCCTGGGTATGC-1,0.249168,0.750832
GTACTGGAGTTAGACC-1,0.266349,0.733651
GTAGAAACGGGTGGAG-1,0.877326,0.122674
GTAGACACGCCTGACT-1,0.214946,0.785054
GTAGAGGGAGACAAGT-1,0.519919,0.480081
GTAGCCAAACATGGGA-1,0.802043,0.197957
GTAGCGGCTATACACT-1,0.908468,0.091532
GTAGCTCCGGGAGGCT-1,0.223522,0.776478
GTAGCTTCCTCTTGTT-1,0.392623,0.607377
GTAGGTGATCCGTGTA-1,0.072476,0.927524
GTAGTCGCGGGAATCA-1,0.92983,0.07017
GTAGTCTACGATATTG-1,0.617059,0.382941
GTAGTTCGAAGGCGAA-1,0.212137,0.787863
GTATAATCTCCCGGAT-1,0.239893,0.760107
GTATAGTGGCCCATGT-1,0.708195,0.291805
GTATCAAACGTTAGCT-1,0.269435,0.730565
GTATCCTTTGGTAACC-1,0.051876,0.948124
GTATCGGGACGAGCTG-1,0.576978,0.423022
GTATCTCAGTCTTGAC-1,0.090744,0.909256
GTATCTTTCATAACCA-1,0.492923,0.507077
GTATGAAATTTCACTC-1,0.693424,0.306576
GTATGTGGGTCTAGTT-1,0.490294,0.509706
GTATTCTGAGAAACGA-1,0.257709,0.742291
GTCAAAGAAGTGGTGT-1,0.717383,0.282617
GTCAACCAGGCCTATA-1,0.381929,0.618071
GTCAAGCGGACTCGGG-1,0.665934,0.334066
GTCACTCATGAGCGAT-1,0.000659,0.999341
GTCAGAATAGTCTATG-1,0.075001,0.924999
GTCAGACAGCGTTGGA-1,0.40667,0.59333
GTCAGTTGTGCTCGTT-1,0.119289,0.880711
GTCAGTTTGGTAGTCG-1,0.902814,0.097186
GTCATCTCCTACAGCT-1,0.250157,0.749843
GTCATGCGCGAGGGCT-1,0.170442,0.829558
GTCATTAGAGCGAACG-1,0.655793,0.344207
GTCATTGCATTGACCC-1,0.999524,0.000476
GTCCCAACGTAAAGTA-1,0.587975,0.412025
GTCCCAATCATCCCGC-1,0.758045,0.241955
GTCCCGCGACGTTATG-1,0.230571,0.769429
GTCCGAGAGCAATCAT-1,0.727304,0.272696
GTCCGGACCTGAAATT-1,0.523405,0.476595
GTCCTACAGGCGGCTC-1,0.634736,0.365264
GTCCTACGAATAGTCT-1,0.436377,0.563623
GTCCTACTCTACGGGC-1,0.632531,0.367469
GTCCTAGGATACCTTA-1,0.416309,0.583691
GTCCTATTGTTGTGGT-1,0.557467,0.442533
GTCCTTCTACAACCCA-1,0.107597,0.892403
GTCCTTCTAGTGGGTT-1,0.911543,0.088457
GTCGCCGTTGTGTGTT-1,0.354439,0.645561
GTCGCGTAACCCGTTG-1,0.655634,0.344366
GTCGGATATCTCAGAC-1,0.044733,0.955267
GTCGGATGTAGCGCGC-1,0.202727,0.797273
GTCGGGAACATGGTAG-1,0.999304,0.000696
GTCGGGAAGCAGAAAC-1,0.389657,0.610343
GTCGTACCATCTCGGG-1,0.740182,0.259818
GTCGTACCTACGATTG-1,0.061154,0.938846
GTCGTATTGGCGTACA-1,0.998405,0.001595
GTCGTTATTCGCTTAT-1,0.52654,0.47346
GTCTACTCAATTACAA-1,0.997529,0.002471
GTCTAGTGAGCCGCTT-1,0.217543,0.782457
GTCTATTGCATGCTCG-1,0.328888,0.671112
GTCTATTGGTTCCGGT-1,0.739894,0.260106
GTCTCAAGGCCCGGCT-1,0.315401,0.684599
GTCTCCTGCCAGTATG-1,0.207605,0.792395
GTCTCGATCTGCTTTC-1,0.440383,0.559617
GTCTCGCCAACACGCC-1,0.38331,0.61669
GTCTTAGTACAGCCGG-1,0.05298,0.94702
GTCTTCCTCACCTAAG-1,0.972178,0.027822
GTGAAACGGCGCCACC-1,0.680453,0.319547
GTGAAGATTTCAAGTG-1,0.4544,0.5456
GTGAAGTCACGACTCG-1,0.722852,0.277148
GTGACAGCTTCCCACT-1,0.204664,0.795336
GTGACCGCACACTACG-1,0.748952,0.251048
GTGACGCAGGTTTCAT-1,0.126564,0.873436
GTGAGCGTGCTGCACT-1,0.076522,0.923478
GTGAGGACACTTAAGG-1,0.804329,0.195671
GTGAGGAGCGGTTGAG-1,0.670441,0.329559
GTGAGTCTAAGACGGA-1,0.999406,0.000594
GTGATCAAGCGTGCAC-1,0.003742,0.996258
GTGATCACTAACGCCT-1,0.489152,0.510848
GTGATCCTTGTCATGA-1,0.302321,0.697679
GTGATGCACAACATCT-1,0.245749,0.754251
GTGATTCGCCGCTCAA-1,0.554323,0.445677
GTGCAAATCACCAATA-1,0.212694,0.787306
GTGCACGAAAGTGACT-1,0.655213,0.344787
GTGCCATCACACGGTG-1,0.895646,0.104354
GTGCCCGTTCGGATTC-1,0.858376,0.141624
GTGCCTAGCTATGCTT-1,0.192355,0.807645
GTGCCTCAGTGTACGG-1,0.993989,0.006011
GTGCGACAGGGAGTGT-1,0.000085,0.999915
GTGCGTGTATATGAGC-1,0.625243,0.374757
GTGCTGCAGATAAGGA-1,0.840686,0.159314
GTGGAACCTACATGCG-1,0.190441,0.809559
GTGGACCAACCCGATT-1,0.173492,0.826508
GTGGACGCATTTGTCC-1,0.58955,0.41045
GTGGAGCGTTTACCGA-1,0.769607,0.230393
GTGGAGTCGGCGGTTG-1,0.20505,0.79495
GTGGCAAACAGCGGCA-1,0.86718,0.13282
GTGGCCTAATATCATT-1,0.709893,0.290107
GTGGCGGGCCGTAGCT-1,0.000108,0.999892
GTGGCGGTCCCAGCGT-1,0.230792,0.769208
GTGGGAAGACTGAATC-1,0.821511,0.178489
GTGGGTACTGAGCGTA-1,0.538639,0.461361
GTGGTATAGTCTGCCG-1,0.053722,0.946278
GTGGTCAGCGAAGTAT-1,0.762745,0.237255
GTGGTGGCCAAGTGAA-1,0.546769,0.453231
GTGGTTTCCGCCTTTC-1,0.812472,0.187528
GTGTACCTTGGCTACG-1,0.489353,0.510647
GTGTATATCAGCGGGC-1,0.512689,0.487311
GTGTCGTATAGCGTTC-1,0.222386,0.777614
GTGTGAATAACTTAGG-1,0.374007,0.625993
GTGTGTCGACGTCGCT-1,0.65965,0.34035
GTGTTACTATGCGTCC-1,0.3363,0.6637
GTTAAAGTAGGACTGG-1,0.999115,0.000885
GTTAACATCACTTAAA-1,0.006727,0.993273
GTTAAGGGTGCGATGT-1,0.389099,0.610901
GTTAATGTCTATCTTA-1,0.702231,0.297769
GTTACAATTGGTGACG-1,0.996335,0.003665
GTTACCTACAACTTGC-1,0.776066,0.223934
GTTAGAGTGTGCCGCT-1,0.112464,0.887536
GTTAGGCTACCCGTTT-1,0.470264,0.529736
GTTATTAACGTGGGAG-1,0.227829,0.772171
GTTCAAATCAGATGTC-1,0.79429,0.20571
GTTCACAGGAGTCTAG-1,0.607303,0.392697
GTTCGGTGTGGATTTA-1,0.212855,0.787145
GTTCGTCTAAAGAACT-1,0.49823,0.50177
GTTGAGTCCCGCCGGT-1,0.000033,0.999967
GTTGGATTCAGTGGCT-1,0.984978,0.015022
GTTGGATTGAGAACAC-1,0.380789,0.619211
GTTGGTCATGCTATCC-1,0.549225,0.450775
GTTTACGTTCCATCTG-1,0.725435,0.274565
GTTTATGGGATTTAGA-1,0.096737,0.903263
GTTTCATATCGTCGCT-1,0.997803,0.002197
GTTTCTGCAGTCTCCC-1,0.930526,0.069474
GTTTGGCCCAAGTTAT-1,0.999452,0.000548
GTTTGGGCTTGTGAGC-1,0.929541,0.070459
GTTTGGGTTTCGCCCG-1,0.068005,0.931995
GTTTGGTGATCGGTGC-1,0.245957,0.754043
GTTTGTTAGCCAAGTA-1,0.534324,0.465676
TAAACCCAGGAGGGCA-1,0.186096,0.813904
TAAACGTCGTCAATGA-1,0.415474,0.584526
TAAAGCGGTATTTCCA-1,0.175415,0.824585
TAAAGCGTTAGGAGAA-1,0.855071,0.144929
TAAAGCTGCAATAGGG-1,0.800769,0.199231
TAACAATATTTGTTGC-1,0.999594,0.000406
TAACAGCGTTTGTGCT-1,0.051342,0.948658
TAACATACAATGTGGG-1,0.934331,0.065669
TAACATACACGCGATC-1,0.132882,0.867118
TAACCTACCGTCCGAG-1,0.179582,0.820418
TAACCTAGGGAGTCCA-1,0.2907,0.7093
TAACGCTTTGAGAGCG-1,0.560102,0.439898
TAAGAGGGACAGGGAC-1,0.186554,0.813446
TAAGCAGGCGACACGC-1,0.776866,0.223134
TAAGCGCGAATCAAAT-1,0.132217,0.867783
TAAGGCAACATAAGAT-1,0.907137,0.092863
TAAGGCCCGTCACCCT-1,0.286557,0.713443
TAAGGCTGAATCCCTC-1,0.276536,0.723464
TAAGGGCCTGTCCGAT-1,0.047129,0.952871
TAAGGGCTGGGAGAGG-1,0.483356,0.516644
TAAGTAAATGTGCCGC-1,0.177859,0.822141
TAAGTCGCCGAGTATC-1,0.276993,0.723007
TAAGTTGCGACGTAGG-1,0.521939,0.478061
TAATAAACAAGGAGAT-1,0.998826,0.001174
TAATACACAGTAGTAT-1,0.669873,0.330127
TAATAGAACAGAGTTA-1,0.271771,0.728229
TAATAGGTCACCAGAA-1,0.336088,0.663912
TAATAGTGACGACCAG-1,0.331531,0.668469
TAATCGATCCGTACGT-1,0.374883,0.625117
TAATGAAAGACCCTTG-1,0.85825,0.14175
TAATTACGTCAGTAGA-1,0.099575,0.900425
TAATTTCCGTCCAGTA-1,0.909439,0.090561
TACAAGTCTCGTGCAT-1,0.366061,0.633939
TACAGAAACGGTGGGC-1,0.236126,0.763874
TACATCCCTATCCCTG-1,0.199443,0.800557
TACATCTTGTTTCTTG-1,0.905166,0.094834
TACATGACCTTATCCG-1,0.893343,0.106657
TACCAAATAGCCCAGA-1,0.750301,0.249699
TACCAATAAAGTACCA-1,0.337401,0.662599
TACCGATCCAACACTT-1,0.999388,0.000612
TACCGCGGACTTGCAG-1,0.397624,0.602376
TACCGGCTCACTGCCC-1,0.548047,0.451953
TACCGGTCGTTTCCAT-1,0.998154,0.001846
TACCGTGCCTCGGACC-1,0.232396,0.767604
TACCTACTCCCAGTAT-1,0.564523,0.435477
TACCTATCCCTAGAGG-1,0.998998,0.001002
TACCTCCACACCAATG-1,0.000113,0.999887
TACCTGCTGCACTGTG-1,0.000254,0.999746
TACCTTAAGATTTCCC-1,0.724723,0.275277
TACGACTGCCTCTTAG-1,0.98337,0.01663
TACGAGAACTTCACGT-1,0.279562,0.720438
TACGATGTTGATCATC-1,0.638827,0.361173
TACGCCGAGGGTACCC-1,0.187758,0.812242
TACGGGATGCTAGCAG-1,0.204366,0.795634
TACGTAAAGCGGAGTG-1,0.311731,0.688269
TACGTACTAGTGCTGA-1,0.376268,0.623732
TACGTTTACCGGCAAT-1,0.998748,0.001252
TACTCACAACGTAGTA-1,0.333786,0.666214
TACTCCTCTAGTTGAC-1,0.125067,0.874933
TACTCGGCACGCCGGG-1,0.903332,0.096668
TACTCTCCGAACAAAT-1,0.708904,0.291096
TACTGAGGGAAGAAAG-1,0.652495,0.347505
TACTGCAATCAATTAC-1,0.63065,0.36935
TACTGGACAGCTCGGC-1,0.518288,0.481712
TACTTAAACATGTACA-1,0.28744,0.71256
TACTTGTTAGTAGTCC-1,0.908192,0.091808
TACTTTACTGAGCCGG-1,0.582604,0.417396
TACTTTCCGCACGCCA-1,0.795097,0.204903
TAGAAACACAATAGTG-1,0.810487,0.189513
TAGAAACCACTAAGTA-1,0.227448,0.772552
TAGAAAGGTGGCGCTA-1,0.755577,0.244423
TAGAAATTCACGTATA-1,0.378638,0.621362
TAGAACGCCAGTAACG-1,0.192208,0.807792
TAGAATAGCCGATGAA-1,0.110777,0.889223
TAGAATTAAGGGCAAC-1,0.149408,0.850592
TAGACGAAACGCCAAT-1,0.205733,0.794267
TAGACGCCCGTACCGG-1,0.317193,0.682807
TAGAGATCATGCAACT-1,0.965381,0.034619
TAGAGGTTCTACTTGT-1,0.295611,0.704389
TAGATCCGAAGTCGCA-1,0.000045,0.999955
TAGATGGTTCCTTACT-1,0.115244,0.884756
TAGATTCCTGGTTATT-1,0.870385,0.129615
TAGCAGTATGACTAAA-1,0.25263,0.74737
TAGCCAGAGGGTCCGG-1,0.27131,0.72869
TAGCCATTTCAAAGTC-1,0.744179,0.255821
TAGCCGGCGGTCAGCG-1,0.258096,0.741904
TAGCGTCCGGTGTGGT-1,0.273659,0.726341
TAGCGTCGAATATTGA-1,0.987883,0.012117
TAGCGTTGGGTCTTAC-1,0.703355,0.296645
TAGCTGATGTGAAGCG-1,0.950986,0.049014
TAGGAACAGCCTCCAG-1,0.527377,0.472623
TAGGCATGTTACGCCA-1,0.367235,0.632765
TAGGCGATGAGGTCTC-1,0.671194,0.328806
TAGGCGGCTGCAAAGA-1,0.315229,0.684771
TAGGCTAAAGTGGCAC-1,0.151011,0.848989
TAGGGAGCTTGGGATG-1,0.653635,0.346365
TAGGTCCAAGTAAGGA-1,0.87879,0.12121
TAGGTCGCCGGAACTG-1,0.443733,0.556267
TAGGTGACGATAACCT-1,0.473014,0.526986
TAGGTGCTCGCCTAGC-1,0.037234,0.962766
TAGGTGTTCCACAGAT-1,0.380234,0.619766
TAGGTTCGAGTTCGTC-1,0.471411,0.528589
TAGTACCACAACTTTC-1,0.000161,0.999839
TAGTACCTTAGTGGTC-1,0.562539,0.437461
TAGTAGCTTATACCAG-1,0.28883,0.71117
TAGTCCCGGAGACCAC-1,0.573149,0.426851
TAGTCCGTATGCATAA-1,0.154491,0.845509
TAGTCGATCACGGGTT-1,0.657037,0.342963
TAGTCGGGATTCTTCG-1,0.132692,0.867308
TAGTCTAACAACGAGA-1,0.874609,0.125391
TAGTCTGTGACGTTGC-1,0.252716,0.747284
TAGTGCTTGAATCCTT-1,0.063235,0.936765
TAGTGTCAGAAACGGC-1,0.485577,0.514423
TAGTTAAGATAGGATA-1,0.494486,0.505514
TATACACAGACGCCTT-1,0.386499,0.613501
TATACGCGTCATCACT-1,0.066313,0.933687
TATACTCATGCGGCAA-1,0.532136,0.467864
TATAGAGTCGCTTGAA-1,0.695845,0.304155
TATAGATGGTCGCAGT-1,0.280243,0.719757
TATAGCGCACGTTATC-1,0.271013,0.728987
TATAGGGTACTCATGA-1,0.23521,0.76479
TATATAGGGCTTTACG-1,0.000116,0.999884
TATATATCGAGAAATG-1,0.02415,0.97585
TATATCATTGATCAGT-1,0.984016,0.015984
TATATCCCTGGGAGGA-1,0.005657,0.994343
TATATGCTGGGTTGCC-1,0.999173,0.000827
TATCAAAGGTCTGTAA-1,0.832476,0.167524
TATCACCATGTAAAGT-1,0.370812,0.629188
TATCACCCAACCGACC-1,0.286692,0.713308
TATCACTTCGAGTAAC-1,0.306312,0.693688
TATCAGTGGCGTAGTC-1,0.897449,0.102551
TATCCAATTGGTTATC-1,0.703355,0.296645
TATCCATCTCGGTTAG-1,0.00006,0.99994
TATCGATCTATGCATA-1,0.19015,0.80985
TATCTACAGAGGTAAT-1,0.291728,0.708272
TATCTAGCCTAAAGGA-1,0.994133,0.005867
TATCTGAGCCGATATT-1,0.400117,0.599883
TATCTTGCAATACAAC-1,0.120996,0.879004
TATGAAGACAGGTGCG-1,0.998127,0.001873
TATGACCTTGCGCTGG-1,0.5072,0.4928
TATGATAAATCTAACG-1,0.422085,0.577915
TATGATCTTCTCTTTA-1,0.195816,0.804184
TATGGCCCGGCCTCGC-1,0.516337,0.483663
TATGTAAAGTGCTTAA-1,0.384319,0.615681
TATGTAGAAACCCGGC-1,0.483261,0.516739
TATGTCAAGACCGACT-1,0.550466,0.449534
TATGTCTCATTGTGCC-1,0.335883,0.664117
TATTAACACCAAAGCA-1,0.863959,0.136041
TATTACCATCCTGCTT-1,0.379307,0.620693
TATTATGTTTGCCTGC-1,0.287177,0.712823
TATTCAATTCTAATCC-1,0.880218,0.119782
TATTCCGAGCTGTTAT-1,0.620206,0.379794
TATTCCTCCGCCCACT-1,0.640266,0.359734
TATTCGTGCCAGAATA-1,0.767042,0.232958
TATTTATACCGAGTAG-1,0.583028,0.416972
TCAAACTTAGATTGTT-1,0.000019,0.999981
TCAAAGAGCTATCTGT-1,0.794197,0.205803
TCAAATTTGAGACTCA-1,0.755041,0.244959
TCAACAAAGATAATTC-1,0.106521,0.893479
TCAACATCGACCGAGA-1,0.277742,0.722258
TCAACGCAGGAAATAA-1,0.426738,0.573262
TCAACGCGACCGGCAG-1,0.82138,0.17862
TCAACTAACGTATAAC-1,0.941055,0.058945
TCAAGGTTACTACACC-1,0.361378,0.638622
TCAATACAATTGCTGC-1,0.988443,0.011557
TCAATACGCCGTCATG-1,0.085692,0.914308
TCACAAACCGAGGTAC-1,0.000091,0.999909
TCACAGATCCTCAAAC-1,0.395936,0.604064
TCACAGGGAATCGCAA-1,0.700169,0.299831
TCACATCTTATCTGAT-1,0.808612,0.191388
TCACCGCTCGGCACTC-1,0.7045,0.2955
TCACGATGTCCGTGGA-1,0.15007,0.84993
TCACGTGCCCGATTCA-1,0.580299,0.419701
TCACTACGACCAATGC-1,0.39086,0.60914
TCACTCGTGCAACGGC-1,0.997356,0.002644
TCACTCTTCGTCTGTC-1,0.360722,0.639278
TCAGACGCTATAGAAG-1,0.85693,0.14307
TCAGCAAATGCATCTC-1,0.471322,0.528678
TCAGCAGTAGGCCCTG-1,0.199816,0.800184
TCAGCCAATCCGTAAA-1,0.2672,0.7328
TCAGCTTGAGCTTTCG-1,0.233727,0.766273
TCAGGGCGACTTCCTT-1,0.647812,0.352188
TCAGGGCGCAAACTCG-1,0.189286,0.810714
TCAGGGTGCACGAAAC-1,0.876983,0.123017
TCAGGGTGTAACGTAA-1,0.999443,0.000557
TCAGTGTATACGTCAT-1,0.038051,0.961949
TCAGTTACGGAATGAT-1,0.216372,0.783628
TCATATGAGCTTTGTT-1,0.086063,0.913937
TCATCCCAGAGGGTGG-1,0.059053,0.940947
TCATCGATGGTCCCAA-1,0.258861,0.741139
TCATGCAGGTTCTCAT-1,0.541575,0.458425
TCATTTAAGTCTCCGA-1,0.611701,0.388299
TCCAATGCGTCGCCGC-1,0.302182,0.697818
TCCACAATGGTTTACG-1,0.20184,0.79816
TCCACTTTATCTAGGT-1,0.95004,0.04996
TCCAGAGCACCGGTTC-1,0.85517,0.14483
TCCAGGGTATATACGA-1,0.689488,0.310512
TCCATCAATACTAATC-1,0.212422,0.787578
TCCATTGTGACCTCGT-1,0.092186,0.907814
TCCCACGGAGGGAGCT-1,0.46951,0.53049
TCCCGCGTACTCCTGG-1,0.463959,0.536041
TCCCGGGTGTGCTGCT-1,0.531069,0.468931
TCCCGTCAGTCCCGCA-1,0.254694,0.745306
TCCCGTGTGCAATTTG-1,0.76424,0.23576
TCCCTGGCGTATTAAC-1,0.128815,0.871185
TCCCTGGCTCGCTGGA-1,0.8879,0.1121
TCCCTTAGATTACTCG-1,0.633411,0.366589
TCCGAACTTGGCTTAC-1,0.998356,0.001644
TCCGATGACTGAGCTC-1,0.556872,0.443128
TCCGATTACATTGCCG-1,0.154576,0.845424
TCCGCAGCCACCTAGC-1,0.028728,0.971272
TCCGCCTGTCTACAAG-1,0.596824,0.403176
TCCGCGGCAGCATCTG-1,0.343926,0.656074
TCCGCGGCCCAATGAA-1,0.258952,0.741048
TCCGCTGTCATCCCGG-1,0.602173,0.397827
TCCGCTTATCCCATTA-1,0.725831,0.274169
TCCGGCCTAGCGTACA-1,0.416908,0.583092
TCCGGGCTTGACGGGA-1,0.297036,0.702964
TCCGTAACCACAATCC-1,0.661104,0.338896
TCCGTTAAGCTAATAT-1,0.021565,0.978435
TCCGTTTAGCCTTGAA-1,0.838325,0.161675
TCCTAAATTGGGAAGC-1,0.903794,0.096206
TCCTAACCGTCGGGCA-1,0.16363,0.83637
TCCTACATCCACGGCC-1,0.834042,0.165958
TCCTCCTAAGACATTC-1,0.466333,0.533667
TCCTCGGGCTGGGCTT-1,0.999322,0.000678
TCCTCTCCAGTTGTCC-1,0.112613,0.887387
TCCTCTGGCCCATTAG-1,0.999656,0.000344
TCCTGCCAACTGGAGA-1,0.99963,0.00037
TCCTGCGTTGATACTC-1,0.906384,0.093616
TCCTTACGACGGTCCG-1,0.613604,0.386396
TCCTTCAATCCCTACG-1,0.668872,0.331128
TCCTTCAGTGGTCGAA-1,0.87939,0.12061
TCCTTTAAATCCGCTT-1,0.155286,0.844714
TCGAAGAACCGAGCAC-1,0.493724,0.506276
TCGAATATCCCGCAGG-1,0.089834,0.910166
TCGACAACTGAACCCG-1,0.622817,0.377183
TCGAGCCAGGCAGGCC-1,0.050378,0.949622
TCGAGTCTACGATTCG-1,0.854137,0.145863
TCGCAAAGATGCATTT-1,0.793283,0.206717
TCGCACCAGGAGGCAG-1,0.657538,0.342462
TCGCACTAACGTTTGT-1,0.53681,0.46319
TCGCCCACTGCGAGAG-1,0.60672,0.39328
TCGCCGAAGTTGCGTC-1,0.422842,0.577158
TCGCCGCACCGCGTGA-1,0.775634,0.224366
TCGCCGGAGAGTCTTA-1,0.365556,0.634444
TCGCCGGATGGGCAAG-1,0.984348,0.015652
TCGCCTCGACCTGTTG-1,0.058801,0.941199
TCGCGTAGCAGTGTCC-1,0.314405,0.685595
TCGCGTCCAGAAGGTC-1,0.300723,0.699277
TCGCTAAACCGCTATC-1,0.691982,0.308018
TCGCTACTGGCTTTGA-1,0.150347,0.849653
TCGCTCGATATATTCC-1,0.367168,0.632832
TCGCTGGGCGGATTGT-1,0.99932,0.00068
TCGCTTTAAACGTTTG-1,0.777817,0.222183
TCGGAATGACCATCAA-1,0.044325,0.955675
TCGGAATGCGCTCTGA-1,0.567273,0.432727
TCGGACGCCCAGCCCA-1,0.999087,0.000913
TCGGAGAGTATCGGGA-1,0.723859,0.276141
TCGGAGTACATGAGTA-1,0.631762,0.368238
TCGGATCTGGATGACC-1,0.265892,0.734108
TCGGCGTACTGCACAA-1,0.998986,0.001014
TCGGCTAACTTCCCTT-1,0.171548,0.828452
TCGGCTTGTATCGACG-1,0.034154,0.965846
TCGGGAGACAGCGTAC-1,0.590765,0.409235
TCGGGATTCAAACATA-1,0.737011,0.262989
TCGGGCCGTCGTGGTA-1,0.997504,0.002496
TCGGTCCCGACAATAG-1,0.288352,0.711648
TCGGTCCCTGACTCCA-1,0.812289,0.187711
TCGGTTAGCCATGTAG-1,0.225381,0.774619
TCGTAAGACGACATTG-1,0.821375,0.178625
TCGTATTACCCATTGC-1,0.962509,0.037491
TCGTATTTCGTCCGGA-1,0.000153,0.999847
TCGTCAAGTACGCGCA-1,0.046524,0.953476
TCGTCACACTGTTAGC-1,0.94795,0.05205
TCGTCTTAGGCGTTAA-1,0.77957,0.22043
TCGTGTACTATGGATG-1,0.889537,0.110463
TCGTGTCACGCTGACA-1,0.997561,0.002439
TCGTGTTCGACCACAA-1,0.00075,0.99925
TCGTTGACAGGGTCCC-1,0.982923,0.017077
TCTAAAGAACAGTCTC-1,0.792272,0.207728
TCTAACTGTATGTAAA-1,0.999584,0.000416
TCTAATACTGCCTCAG-1,0.048113,0.951887
TCTACACGTTCATGCA-1,0.897659,0.102341
TCTACCGTCCACAAGC-1,0.892196,0.107804
TCTAGCAATCTCCGCC-1,0.71328,0.28672
TCTAGCATGCCCAGAA-1,0.53579,0.46421
TCTAGGTGGCGACGCT-1,0.269683,0.730317
TCTAGTGATATCGTGG-1,0.21241,0.78759
TCTATCGGTCGCAACA-1,0.414987,0.585013
TCTATGCTATAACGAC-1,0.029224,0.970776
TCTATTACTAGAGGAT-1,0.858026,0.141974
TCTCATGAGATAGGGT-1,0.549682,0.450318
TCTCCAACGTAGGTTA-1,0.197429,0.802571
TCTCCACAAGTTGAAT-1,0.000147,0.999853
TCTCCCTGGGCAGCGT-1,0.536381,0.463619
TCTCGAACGAGGTCAC-1,0.896589,0.103411
TCTCGTGTTACGAGGA-1,0.99891,0.00109
TCTCTTACCGCGAACC-1,0.405725,0.594275
TCTGAACTCGTACCCG-1,0.438979,0.561021
TCTGAAGCACGTGGTC-1,0.562009,0.437991
TCTGAATTCCGTACAA-1,0.634336,0.365664
TCTGACTGTAATGGTT-1,0.556394,0.443606
TCTGATGTATTCTGTC-1,0.703932,0.296068
TCTGCAGATTCGAGTC-1,0.986347,0.013653
TCTGCATACCTTGCTT-1,0.11279,0.88721
TCTGCCAGAAACTGCA-1,0.694569,0.305431
TCTGGCGCAAGCCGGG-1,0.826949,0.173051
TCTGGGAACCTTTGAA-1,0.566792,0.433208
TCTGGGTAGCGCTCAT-1,0.744213,0.255787
TCTGTGCCATCATAGT-1,0.999366,0.000634
TCTGTTACCCAGCATA-1,0.000113,0.999887
TCTTAACTCGGATGTA-1,0.865541,0.134459
TCTTACCGGAACTCGT-1,0.991472,0.008528
TCTTACTTATGCCTCT-1,0.674516,0.325484
TCTTAGAGTGAACTCT-1,0.001339,0.998661
TCTTCCCATGGGCACA-1,0.362575,0.637425
TCTTCGAATAGACGTT-1,0.866679,0.133321
TCTTCGATACCAATAA-1,0.740404,0.259596
TCTTGATGCGTAGCGA-1,0.75023,0.24977
TCTTGCTCCCGATACT-1,0.180597,0.819403
TCTTGGTAACACCAAA-1,0.390172,0.609828
TCTTTAAGACTATGAA-1,0.226471,0.773529
TCTTTCATCCGTCCTT-1,0.221704,0.778296
TCTTTCGGCGGGACAC-1,0.39834,0.60166
TCTTTCTCTTAAGGAG-1,0.37559,0.62441
TGAAACTTATGCAAGC-1,0.043826,0.956174
TGAAAGGACCTGACTC-1,0.755551,0.244449
TGAACAAGCAGGGACT-1,0.198992,0.801008
TGAACTGCTATGACTT-1,0.933133,0.066867
TGAAGAGCGGTCCTAG-1,0.792076,0.207924
TGAAGTAGCTTACGGA-1,0.196983,0.803017
TGAATGAGTGTTTCCC-1,0.280604,0.719396
TGAATTTCACTTGCCT-1,0.799139,0.200861
TGACACTTCTCTTTGC-1,0.333057,0.666943
TGACAGGACAAGTCCA-1,0.777828,0.222172
TGACATATATGACGAT-1,0.414105,0.585895
TGACATCGAGCGGACC-1,0.251107,0.748893
TGACCAGCTTCAAAGT-1,0.292417,0.707583
TGACGAATATTTCCCT-1,0.903125,0.096875
TGACGATGCACTAGAA-1,0.548476,0.451524
TGACTATAATCCTTTC-1,0.650682,0.349318
TGACTCCGAATCATAC-1,0.298732,0.701268
TGAGACGTACCTCTCA-1,0.497739,0.502261
TGAGAGATTTACCACG-1,0.109643,0.890357
TGAGATTAGGCCCTAA-1,0.90939,0.09061
TGAGCCATACAGTCTC-1,0.470117,0.529883
TGAGCGGAAAGTGTTC-1,0.56886,0.43114
TGAGCTTTAATGACGC-1,0.752565,0.247435
TGAGGCATGTACTGTG-1,0.00015,0.99985
TGAGTGGTCCGTGACG-1,0.715229,0.284771
TGATACATTTAGCCGT-1,0.229462,0.770538
TGATAGCGGGATTCTA-1,0.801673,0.198327
TGATCAGGGAACTGCT-1,0.749564,0.250436
TGATCTACGCTGATCT-1,0.09228,0.90772
TGATGGGACTAAGTCA-1,0.155776,0.844224
TGATGTCAATTAAGTG-1,0.141075,0.858925
TGATTCAGGTCCCGCG-1,0.693584,0.306416
TGATTTATTAGCTGTG-1,0.87292,0.12708
TGCAACCCATCTGCGG-1,0.073102,0.926898
TGCAATCTAACACGGT-1,0.000087,0.999913
TGCACTATGTGAGTGC-1,0.355892,0.644108
TGCAGAACTATATCGT-1,0.560077,0.439923
TGCAGATCGTCCTAGG-1,0.001339,0.998661
TGCAGCTACGTACTTC-1,0.278398,0.721602
TGCAGGATCGGCAAAG-1,0.19148,0.80852
TGCAGTTTCCTCCCAT-1,0.973155,0.026845
TGCATATGTCTGTCAC-1,0.361769,0.638231
TGCATGAGTAGATTCG-1,0.312115,0.687885
TGCATGGATCGGATCT-1,0.999425,0.000575
TGCATGTGGTAATCTA-1,0.477925,0.522075
TGCCAAAGTCAGACTT-1,0.972701,0.027299
TGCCACACTAGAGGAA-1,0.805098,0.194902
TGCCACCTGGCGAAAC-1,0.308916,0.691084
TGCCAGTACGTGGAGA-1,0.85966,0.14034
TGCCATTACTAAAGAA-1,0.027394,0.972606
TGCCCGTACCGTTAAA-1,0.271801,0.728199
TGCCGATGTCATCAAT-1,0.172744,0.827256
TGCCGGATGTACGAGC-1,0.000105,0.999895
TGCCGTGGATCGTCCT-1,0.278292,0.721708
TGCCGTTCTTAATCGG-1,0.893777,0.106223
TGCCTAATTGAAGATT-1,0.261359,0.738641
TGCCTGACATCGGTCA-1,0.321686,0.678314
TGCCTGATCAAACGAT-1,0.716243,0.283757
TGCCTTGGCCAGGCAA-1,0.468716,0.531284
TGCGAATATGGGATTT-1,0.999241,0.000759
TGCGACGGCCGAACGT-1,0.000168,0.999832
TGCGAGAAACGTTACG-1,0.154486,0.845514
TGCGAGAATATTACCC-1,0.363251,0.636749
TGCGATGCTAATGGCT-1,0.29893,0.70107
TGCGCAAAGCATTTGG-1,0.784049,0.215951
TGCGGAGTAAAGGTGC-1,0.743398,0.256602
TGCGGGTATTGGGATC-1,0.675913,0.324087
TGCGGTGAAATTTCAT-1,0.511589,0.488411
TGCGTCATGACTGAGC-1,0.83845,0.16155
TGCGTGATTGGGTGTC-1,0.80682,0.19318
TGCGTTTGTTGACACT-1,0.1722,0.8278
TGCTAAGTGTCTATTT-1,0.615945,0.384055
TGCTCCACAGTTCTTA-1,0.443416,0.556584
TGCTCGGCGAAACCCA-1,0.490643,0.509357
TGCTCTTGAGAGTTTG-1,0.058402,0.941598
TGCTGTTGAAGAACTC-1,0.505522,0.494478
TGCTTAGAGAGAATGC-1,0.126931,0.873069
TGCTTCCCAAGCAGTA-1,0.198303,0.801697
TGCTTGAAACCATGCA-1,0.347414,0.652586
TGGAAACGGAGTGAAC-1,0.474709,0.525291
TGGAACCACTGACACA-1,0.032435,0.967565
TGGAAGAAGGGAACGT-1,0.86612,0.13388
TGGAAGGATAAAGATG-1,0.691619,0.308381
TGGAATTAGACGCTTT-1,0.966457,0.033543
TGGACACCGTTGCTTG-1,0.342046,0.657954
TGGACCAATCTAAGAT-1,0.000069,0.999931
TGGACCACGGCGTTGA-1,0.392952,0.607048
TGGACGCAATCCAGCC-1,0.259675,0.740325
TGGACGTAGGCGAATC-1,0.506378,0.493622
TGGACTGTTCGCTCAA-1,0.999375,0.000625
TGGAGCTAAAGTTCCC-1,0.34961,0.65039
TGGATAGAGTAACAGA-1,0.73305,0.26695
TGGCAAACTAAATTAC-1,0.810227,0.189773
TGGCAACTCGCGCGCC-1,0.177289,0.822711
TGGCATGAAGTTTGGG-1,0.327491,0.672509
TGGCCAAACTGAAGTA-1,0.967836,0.032164
TGGCCAATTTGGTACT-1,0.999078,0.000922
TGGCTACACTCTACCT-1,0.250274,0.749726
TGGCTATGTGACATAC-1,0.228928,0.771072
TGGCTCTTGTCGCGTA-1,0.740189,0.259811
TGGCTTATGTATAATG-1,0.603988,0.396012
TGGGACCATTGGGAGT-1,0.099569,0.900431
TGGGATGCACTCATTC-1,0.076397,0.923603
TGGGCACGTTCTATGG-1,0.26102,0.73898
TGGGCCACAAGAGCGC-1,0.789824,0.210176
TGGGCCCATACTAATT-1,0.862582,0.137418
TGGGCCTTGCCTGCAT-1,0.367435,0.632565
TGGGTAAGGTTCCCGC-1,0.47593,0.52407
TGGGTTCCCGGACGGA-1,0.991652,0.008348
TGGTAAGCAGGATTGA-1,0.917547,0.082453
TGGTAGAATATATGGG-1,0.294111,0.705889
TGGTATCGCATCCCAA-1,0.049527,0.950473
TGGTCCCACGCTACGG-1,0.822254,0.177746
TGGTCGTGCAAGGCAA-1,0.99951,0.00049
TGGTCTAGCTTACATG-1,0.581284,0.418716
TGGTCTGTTGGGCGTA-1,0.929701,0.070299
TGGTGATCGTATTTGT-1,0.535138,0.464862
TGGTGTGACAGACGAT-1,0.684115,0.315885
TGGTTAACTTACATTT-1,0.497487,0.502513
TGGTTATGCTTGCGGT-1,0.988073,0.011927
TGGTTCAACGGGTAAT-1,0.134124,0.865876
TGGTTGGAGGATCCTG-1,0.600996,0.399004
TGTAAGACTGATAAGA-1,0.161134,0.838866
TGTAATGACCACAATA-1,0.996003,0.003997
TGTACCTACACGAGGG-1,0.032214,0.967786
TGTAGGAGAAATTTCC-1,0.991053,0.008947
TGTAGTGATCTATAAT-1,0.991159,0.008841
TGTATAACAGATCCTG-1,0.826016,0.173984
TGTATGGCGCAGACAG-1,0.701575,0.298425
TGTCCACGGCTCAACT-1,0.406591,0.593409
TGTCCGTGGCGCCTTT-1,0.999453,0.000547
TGTCCTAAGTCACCGC-1,0.868388,0.131612
TGTCGTTATCACATAT-1,0.047573,0.952427
TGTGACTACGCCAGTC-1,0.928513,0.071487
TGTGAGACTAGCCCAA-1,0.388866,0.611134
TGTGCCAGAGGCAAAG-1,0.998687,0.001313
TGTGCCGGTGCCGGAA-1,0.324484,0.675516
TGTGCTTTACGTAAGA-1,0.928756,0.071244
TGTGGCAAAGCGTATG-1,0.635763,0.364237
TGTGGTTGCTAAAGCT-1,0.809275,0.190725
TGTGTCGAAGTCGAGG-1,0.763869,0.236131
TGTGTGACCATGAATC-1,0.410526,0.589474
TGTGTTCGTATCCAAG-1,0.378947,0.621053
TGTTATTGTATGTGGC-1,0.382644,0.617356
TGTTCATAAATGTGCT-1,0.999592,0.000408
TGTTCGTATTGCGGTG-1,0.665396,0.334604
TGTTGGCTGGCGGAAG-1,0.361047,0.638953
TGTTGTCAAGAAGTCT-1,0.897876,0.102124
TGTTTAATACTTCATC-1,0.40149,0.59851
TGTTTCTGAAGCGTGC-1,0.602641,0.397359
TTAAACCTGGTTCCTT-1,0.988581,0.011419
TTAAACTCGAATTCAT-1,0.9123,0.0877
TTAACACCTCGAACAT-1,0.184158,0.815842
TTAACGTTAAAGCCTG-1,0.259573,0.740427
TTAACTCACGCGTGGA-1,0.876945,0.123055
TTAACTTCAGGTAGGA-1,0.745646,0.254354
TTAAGACGAACGAACC-1,0.310429,0.689571
TTAAGATAGGATTGAC-1,0.416672,0.583328
TTAAGCCGACAACTTC-1,0.049293,0.950707
TTAAGGCCCGTACTTT-1,0.08368,0.91632
TTAAGTATTGTTATCC-1,0.197345,0.802655
TTAATCAGTACGTCAG-1,0.000087,0.999913
TTAATGCGAGGTAACT-1,0.757386,0.242614
TTAATGTAGACCAGGT-1,0.826774,0.173226
TTAATGTGTTTGCAGG-1,0.285191,0.714809
TTAATTGCTTTGGGTG-1,0.592103,0.407897
TTAATTTCAGACGCGG-1,0.626977,0.373023
TTACAGACCTAAATGA-1,0.382626,0.617374
TTACATGCCACAACTA-1,0.240484,0.759516
TTACCATTGATTACCC-1,0.853979,0.146021
TTACCCATTGCCGGGT-1,0.716465,0.283535
TTACCCTAACAGTCCT-1,0.202872,0.797128
TTACGGATGGTTCGAG-1,0.069683,0.930317
TTACTAAAGGACTTTA-1,0.509593,0.490407
TTACTATCGGCTTCTC-1,0.76334,0.23666
TTACTCCGGCCGGGAA-1,0.999364,0.000636
TTACTCTGGTACGTAC-1,0.999104,0.000896
TTACTGTTTCTCTACG-1,0.405533,0.594467
TTAGAAGAACATGACT-1,0.89461,0.10539
TTAGAATAAGGGTCGG-1,0.221288,0.778712
TTAGACACGATCGTTG-1,0.493175,0.506825
TTAGACGAGTCACCTC-1,0.750787,0.249213
TTAGAGGGATATACAG-1,0.424356,0.575644
TTAGAGTTTAGAAGGA-1,0.450244,0.549756
TTAGCTAATACGATCT-1,0.446319,0.553681
TTAGCTCTGTAATCCG-1,0.999571,0.000429
TTAGCTGATTTGCCGT-1,0.873182,0.126818
TTAGGTCATAACCGAC-1,0.115446,0.884554
TTAGGTGTGACTGGTC-1,0.384072,0.615928
TTAGTAAACCTGCTCT-1,0.013163,0.986837
TTAGTAGGGCGGCGGG-1,0.85231,0.14769
TTAGTTATTCGTGGCA-1,0.548197,0.451803
TTATAGGTAATTGTCT-1,0.506099,0.493901
TTATATACGCTGTCAC-1,0.818382,0.181618
TTATATTTGGCAATCC-1,0.530614,0.469386
TTATCCGGGATCTATA-1,0.870693,0.129307
TTATCCTCAAGGAATA-1,0.808961,0.191039
TTATCGCCTGCGAAGC-1,0.7129,0.2871
TTATCTGACATTAGGA-1,0.904042,0.095958
TTATGAATGAAAGGGA-1,0.729829,0.270171
TTATGATCTTAACGAA-1,0.774402,0.225598
TTATGTTTGCGATAGA-1,0.000194,0.999806
TTATTAGAGCGTGTTC-1,0.715747,0.284253
TTCAAAGTCTCTAGCC-1,0.937267,0.062733
TTCAAGCCGAGCTGAG-1,0.486259,0.513741
TTCAATACTCTGAATC-1,0.32308,0.67692
TTCAATTAGCCATAAT-1,0.424297,0.575703
TTCACTCGAGCACCTA-1,0.698149,0.301851
TTCAGCCCTGGTCCAC-1,0.009218,0.990782
TTCAGCTGGCGTGCCC-1,0.113051,0.886949
TTCAGGCGTCAAAGCC-1,0.999295,0.000705
TTCAGTTTGTGGCAGC-1,0.904578,0.095422
TTCATAGCCTTGTAAC-1,0.94746,0.05254
TTCATAGGGTGTCCAT-1,0.670006,0.329994
TTCATGGCGCAACAGG-1,0.514923,0.485077
TTCCAATCAGAGCTAG-1,0.342382,0.657618
TTCCACATTTCTCGTC-1,0.283065,0.716935
TTCCATCATGCGGTGA-1,0.322396,0.677604
TTCCCGGCGCCAATAG-1,0.718174,0.281826
TTCCGCAGAGAAATAT-1,0.997681,0.002319
TTCCGCGTGAGGCGAT-1,0.063407,0.936593
TTCCGGTTACCCACTT-1,0.905631,0.094369
TTCCTCGGACTAACCA-1,0.556723,0.443277
TTCCTCTGCCCGAATA-1,0.982922,0.017078
TTCGACAGAGCCCGTG-1,0.650355,0.349645
TTCGCACTGTACGACA-1,0.466504,0.533496
TTCGCATCCGGAAGCA-1,0.458452,0.541548
TTCGCCGCTCGCGCTA-1,0.43944,0.56056
TTCGCTATCTGACGTG-1,0.470519,0.529481
TTCGGCAACCCGCTGA-1,0.930808,0.069192
TTCGGGACTAATCGCG-1,0.612242,0.387758
TTCGGGCGCTAGTCTT-1,0.072912,0.927088
TTCGTAATCCCAGCGG-1,0.667388,0.332612
TTCGTACTCCAGAACG-1,0.309007,0.690993
TTCGTTCAACGAAGTT-1,0.219669,0.780331
TTCTAACCGAAGCTTA-1,0.383359,0.616641
TTCTCTTACAGGTGAT-1,0.165566,0.834434
TTCTGACCGGGCTCAA-1,0.826026,0.173974
TTCTGCCGCGCCTAGA-1,0.586061,0.413939
TTCTGCGAGCGCCCTT-1,0.997622,0.002378
TTCTGCGGGTTAGCGG-1,0.99936,0.00064
TTCTGTTTCCTGTCGC-1,0.787614,0.212386
TTCTTATCCGCTGGGT-1,0.000113,0.999887
TTCTTCCCTTTGATAT-1,0.825746,0.174254
TTCTTCGCAATAGAGC-1,0.467022,0.532978
TTCTTGGACGATCTGC-1,0.56336,0.43664
TTCTTGGAGTAATGAG-1,0.831339,0.168661
TTCTTGTGTCCATCAG-1,0.998824,0.001176
TTCTTTGGTCGCGACG-1,0.183418,0.816582
TTGAACGAATCCTTTG-1,0.49302,0.50698
TTGAACGACGTGCTGA-1,0.272575,0.727425
TTGAAGGATGGGCGCC-1,0.56457,0.43543
TTGAATATGGACTTTC-1,0.414354,0.585646
TTGAATCGTTGTATAA-1,0.669303,0.330697
TTGAATTCACGTGAGG-1,0.656489,0.343511
TTGACAGGAGCTCCCG-1,0.208889,0.791111
TTGACATGAACGTGGA-1,0.973362,0.026638
TTGACCAGGAACAACT-1,0.078699,0.921301
TTGACCATGTTCTCCG-1,0.710577,0.289423
TTGACCGTGTTAATGA-1,0.053525,0.946475
TTGACGCTCCATGAGC-1,0.551465,0.448535
TTGACTATTGTCCGGC-1,0.230769,0.769231
TTGAGAAGTTTAGCAT-1,0.636665,0.363335
TTGAGAGTACTGCTAA-1,0.28752,0.71248
TTGAGGCATTTAACTC-1,0.645573,0.354427
TTGATGTGTAGTCCCG-1,0.338433,0.661567
TTGATTAGCTGTTTCT-1,0.440165,0.559835
TTGCATGCTGATCACG-1,0.385025,0.614975
TTGCCATAGCCCGCTC-1,0.431105,0.568895
TTGCCCTGATCACGGG-1,0.887678,0.112322
TTGCCGCAGACCTACA-1,0.012233,0.987767
TTGCCGCTTTCTAGTA-1,0.661973,0.338027
TTGCCGGTGATCCCTC-1,0.324688,0.675312
TTGCGCTCTCTCGCTT-1,0.292538,0.707462
TTGCGTAGTTTGAGGA-1,0.354576,0.645424
TTGCGTCGGCCAACCG-1,0.402629,0.597371
TTGCGTGAACGCTTAG-1,0.433949,0.566051
TTGCTCATAGTACGTG-1,0.186798,0.813202
TTGCTCCCATACCGGA-1,0.763647,0.236353
TTGCTGCACCTATCCA-1,0.448833,0.551167
TTGCTGGCCGGGCTTC-1,0.379791,0.620209
TTGGAAGAATACAGTC-1,0.954245,0.045755
TTGGACATGTGGCTTA-1,0.984977,0.015023
TTGGACCATCTGGCAA-1,0.445744,0.554256
TTGGACCTATAACAGT-1,0.612532,0.387468
TTGGCCATCTTGCGCT-1,0.41393,0.58607
TTGGCCTAGAATTTCG-1,0.203463,0.796537
TTGGGACACTGCCCGC-1,0.828307,0.171693
TTGGGCGGCGGTTGCC-1,0.881331,0.118669
TTGGTTGCGGTGCGCG-1,0.144898,0.855102
TTGTAAGGACCTAAGT-1,0.858025,0.141975
TTGTAAGGCCAGTTGG-1,0.99943,0.00057
TTGTACACCTCGAACA-1,0.311461,0.688539
TTGTATCACACAGAAT-1,0.113679,0.886321
TTGTCACCGCGGTATC-1,0.644304,0.355696
TTGTGAACCTAATCCG-1,0.316886,0.683114
TTGTGAGGCATGACGC-1,0.708071,0.291929
TTGTGCAGCCACGTCA-1,0.550765,0.449235
TTGTGCGGAAGCGGAT-1,0.567578,0.432422
TTGTGGTAGGAGGGAT-1,0.814953,0.185047
TTGTGGTGGTACTAAG-1,0.004904,0.995096
TTGTGTATGCCACCAA-1,0.473909,0.526091
TTGTTCAGTGTGCTAC-1,0.465015,0.534985
TTGTTCTAGATACGCT-1,0.998117,0.001883
TTGTTGTGTGTCAAGA-1,0.999355,0.000645
TTGTTTCACATCCAGG-1,0.173874,0.826126
TTGTTTCATTAGTCTA-1,0.038091,0.961909
TTGTTTCCATACAACT-1,0.755282,0.244718
