sample_id,spot_name,ManualAnnotation
V13M06-332-C1,AAACAAGTATCTCCCA-1,section_1
V13M06-332-C1,AAACATTTCCCGGATT-1,section_1
V13M06-332-C1,AAACCCGAACGAAATC-1,section_1
V13M06-332-C1,AAACCGGAAATGTTAA-1,section_1
V13M06-332-C1,AAACCTAAGCAGCCGG-1,section_1
V13M06-332-C1,AAACGAGACGGTTGAT-1,section_1
V13M06-332-C1,AAACGCTGGGCACGAC-1,section_1
V13M06-332-C1,AAACGGGCGTACGGGT-1,section_1
V13M06-332-C1,AAACTCGTGATATAAG-1,section_1
V13M06-332-C1,AAAGAATGTGGACTAA-1,section_1
V13M06-332-C1,AAAGCTTGCCTACATA-1,section_1
V13M06-332-C1,AAAGTGCCATCAATTA-1,section_1
V13M06-332-C1,AAAGTGTGATTTATCT-1,section_1
V13M06-332-C1,AAAGTTGACTCCCGTA-1,section_1
V13M06-332-C1,AAATAAGGTAGTGCCC-1,section_1
V13M06-332-C1,AAATAGCTTAGACTTT-1,section_1
V13M06-332-C1,AAATCCGATACACGCC-1,section_1
V13M06-332-C1,AAATCTAGCCCTGCTA-1,section_1
V13M06-332-C1,AAATGATTCGATCAGC-1,section_1
V13M06-332-C1,AAATTACCTATCGATG-1,section_1
V13M06-332-C1,AAATTCCAGGTCCAAA-1,section_1
V13M06-332-C1,AACACACGCTCGCCGC-1,section_1
V13M06-332-C1,AACAGGTAGTATGGAT-1,section_1
V13M06-332-C1,AACATATCAACTGGTG-1,section_1
V13M06-332-C1,AACCCGAGCAGAATCG-1,section_1
V13M06-332-C1,AACCCTACTGTCAATA-1,section_1
V13M06-332-C1,AACCGCTAAGGGATGC-1,section_1
V13M06-332-C1,AACCTCGCTTTAGCCC-1,section_1
V13M06-332-C1,AACCTGTCACGGAATT-1,section_1
V13M06-332-C1,AACGACCTCCTAGCCG-1,section_1
V13M06-332-C1,AACGCATGATCTGGGT-1,section_1
V13M06-332-C1,AACGCTGTTGCTGAAA-1,section_1
V13M06-332-C1,AACGGACGTACGTATA-1,section_1
V13M06-332-C1,AACTACCCGTTTGTCA-1,section_1
V13M06-332-C1,AACTCCAGAGCGTGTT-1,section_1
V13M06-332-C1,AACTCTCAATAGAGCG-1,section_1
V13M06-332-C1,AACTGAGTTATACTGA-1,section_1
V13M06-332-C1,AACTTTCTCGATCATG-1,section_1
V13M06-332-C1,AAGAAATCACCAGATT-1,section_1
V13M06-332-C1,AAGACATACGTGGTTT-1,section_1
V13M06-332-C1,AAGAGGCATGGATCGC-1,section_1
V13M06-332-C1,AAGAGGCCCTTTGGAA-1,section_1
V13M06-332-C1,AAGATTGGCGGAACGT-1,section_1
V13M06-332-C1,AAGCCGAAGCGGTTTA-1,section_1
V13M06-332-C1,AAGCCGCTTTACCTTG-1,section_1
V13M06-332-C1,AAGCCGGAGAGCAGGA-1,section_1
V13M06-332-C1,AAGCTCTTTCATGGTG-1,section_1
V13M06-332-C1,AAGGATCGATCGCTTG-1,section_1
V13M06-332-C1,AAGGATGAGGGACCTC-1,section_1
V13M06-332-C1,AAGGCAGGCTGTCTCC-1,section_1
V13M06-332-C1,AAGGGACAGATTCTGT-1,section_1
V13M06-332-C1,AAGGTATCCTAATATA-1,section_1
V13M06-332-C1,AAGGTGATAAACCAGC-1,section_1
V13M06-332-C1,AAGTCAATTGTCGTCA-1,section_1
V13M06-332-C1,AAGTCTAGTAGCTGCC-1,section_1
V13M06-332-C1,AAGTGCCTTGACTGTA-1,section_1
V13M06-332-C1,AAGTTCACTCCAAGCT-1,section_1
V13M06-332-C1,AAGTTGTGATGTTATA-1,section_1
V13M06-332-C1,AATAATCTTCGTATCG-1,section_1
V13M06-332-C1,AATAGAATCTGTTTCA-1,section_1
V13M06-332-C1,AATATCGAATCAATGC-1,section_1
V13M06-332-C1,AATATCGAGGGTTCTC-1,section_1
V13M06-332-C1,AATCATGTAAAGACTC-1,section_1
V13M06-332-C1,AATCGCCTCAGCGCCA-1,section_1
V13M06-332-C1,AATCGCGCAGAGGACT-1,section_1
V13M06-332-C1,AATCGGTATAGCCCTC-1,section_1
V13M06-332-C1,AATCGTGAGCCGAGCA-1,section_1
V13M06-332-C1,AATCTATGCCGGAGCC-1,section_1
V13M06-332-C1,AATCTGCGTTGGGACG-1,section_1
V13M06-332-C1,AATGATGATACGCTAT-1,section_1
V13M06-332-C1,AATGATGCGACTCCTG-1,section_1
V13M06-332-C1,AATGTTGTCGTGAGAC-1,section_1
V13M06-332-C1,AATTCATAAGGGATCT-1,section_1
V13M06-332-C1,AATTGAACGCTCTGGT-1,section_1
V13M06-332-C1,AATTGCAGCAATCGAC-1,section_1
V13M06-332-C1,AATTGTGGTTGCCAAA-1,section_1
V13M06-332-C1,ACAAAGCATGACCTAG-1,section_1
V13M06-332-C1,ACAAATCGCACCGAAT-1,section_1
V13M06-332-C1,ACAAATGGTAGTGTTT-1,section_1
V13M06-332-C1,ACAAGGATGCTTTAGG-1,section_1
V13M06-332-C1,ACAATTGTGTCTCTTT-1,section_1
V13M06-332-C1,ACAATTTGAGCAGTGG-1,section_1
V13M06-332-C1,ACAATTTGGCCATATT-1,section_1
V13M06-332-C1,ACACACCAGGACCAGT-1,section_1
V13M06-332-C1,ACACCACATAATTAGC-1,section_1
V13M06-332-C1,ACACCTTACTACTTGC-1,section_1
V13M06-332-C1,ACACGTAGGCCACAAG-1,section_1
V13M06-332-C1,ACACTGGGACAGTCGT-1,section_1
V13M06-332-C1,ACAGCGACATTCTCAT-1,section_1
V13M06-332-C1,ACAGGCACGGATCCTT-1,section_1
V13M06-332-C1,ACAGGCTTGCCCGACT-1,section_1
V13M06-332-C1,ACAGTATACCGTGGGA-1,section_1
V13M06-332-C1,ACATCCTGGTAACTGT-1,section_1
V13M06-332-C1,ACATCGTATGCAATGG-1,section_1
V13M06-332-C1,ACATGGCGCCAAAGTA-1,section_1
V13M06-332-C1,ACCAACCGCACTCCAC-1,section_1
V13M06-332-C1,ACCAAGTCATCGGCAG-1,section_1
V13M06-332-C1,ACCACCAATGTAACAA-1,section_1
V13M06-332-C1,ACCACCCTCTCTTCTA-1,section_1
V13M06-332-C1,ACCAGTGCGGGAGACG-1,section_1
V13M06-332-C1,ACCCAACGCCCGTGGC-1,section_1
V13M06-332-C1,ACCCATTTGTCCCTCT-1,section_1
V13M06-332-C1,ACCCGGAGCACCACAA-1,section_1
V13M06-332-C1,ACCCGGATGACGCATC-1,section_1
V13M06-332-C1,ACCCGTAGTCTAGTTG-1,section_1
V13M06-332-C1,ACCCTCCCGTCAGGGC-1,section_1
V13M06-332-C1,ACCCTCCCTTGCTATT-1,section_1
V13M06-332-C1,ACCGATAGGCATAACC-1,section_1
V13M06-332-C1,ACCGATATTTAATCAT-1,section_1
V13M06-332-C1,ACCGATGGTAGCATCG-1,section_1
V13M06-332-C1,ACCGCGGTGGAAGTCG-1,section_1
V13M06-332-C1,ACCGGGCCTTTGTTGA-1,section_1
V13M06-332-C1,ACCTACAGTATGTGGT-1,section_1
V13M06-332-C1,ACCTCCGCCCTCGCTG-1,section_1
V13M06-332-C1,ACCTCCGTTATTCACC-1,section_1
V13M06-332-C1,ACGACCCATGAGTTGC-1,section_1
V13M06-332-C1,ACGACTCTAGGGCCGA-1,section_1
V13M06-332-C1,ACGAGTACGGATGCCC-1,section_1
V13M06-332-C1,ACGATCATCTTGTAAA-1,section_1
V13M06-332-C1,ACGCAATCACTACAGC-1,section_1
V13M06-332-C1,ACGCATACGTTTACTA-1,section_1
V13M06-332-C1,ACGCCAGTGCGTTTGC-1,section_1
V13M06-332-C1,ACGCTAGTGATACACT-1,section_1
V13M06-332-C1,ACGGGCGTATGCGACA-1,section_1
V13M06-332-C1,ACGGTACAGTTCAATG-1,section_1
V13M06-332-C1,ACGTATTACTCCGATC-1,section_1
V13M06-332-C1,ACGTTCGCAATCAATT-1,section_1
V13M06-332-C1,ACGTTCTGTACAAGTC-1,section_1
V13M06-332-C1,ACTAGTTGCGATCGTC-1,section_1
V13M06-332-C1,ACTATCCAGGGCATGG-1,section_1
V13M06-332-C1,ACTATCTGCCCGCGTA-1,section_1
V13M06-332-C1,ACTCAAGTGCAAGGCT-1,section_1
V13M06-332-C1,ACTCCCGAATTCGTTT-1,section_1
V13M06-332-C1,ACTCCCGTAGACTAGG-1,section_1
V13M06-332-C1,ACTCCGGCCGACCACT-1,section_1
V13M06-332-C1,ACTCGCCGTTCGATAA-1,section_1
V13M06-332-C1,ACTCGCGATCTGACGC-1,section_1
V13M06-332-C1,ACTCTGACCTAATAGA-1,section_1
V13M06-332-C1,ACTCTTCAGCTCCCGC-1,section_1
V13M06-332-C1,ACTGAAACGCCGTTAG-1,section_1
V13M06-332-C1,ACTGAATGGCGAAAGT-1,section_1
V13M06-332-C1,ACTGCGGACACACCGT-1,section_1
V13M06-332-C1,ACTTATACTTACCCGG-1,section_1
V13M06-332-C1,ACTTATTTATGTGCCA-1,section_1
V13M06-332-C1,ACTTCAGGCTGATCCC-1,section_1
V13M06-332-C1,ACTTCCATGCGGGACA-1,section_1
V13M06-332-C1,ACTTCGCTAGCGAGTG-1,section_1
V13M06-332-C1,ACTTGTGGATGGAACG-1,section_1
V13M06-332-C1,ACTTTACCCTCATGAA-1,section_1
V13M06-332-C1,ACTTTGTCGACGCACT-1,section_1
V13M06-332-C1,AGAAATTATGACTCGC-1,section_1
V13M06-332-C1,AGAACCCAGCGTGACA-1,section_1
V13M06-332-C1,AGAAGAGCGCCGTTCC-1,section_1
V13M06-332-C1,AGAATTATGGATTCGA-1,section_1
V13M06-332-C1,AGACAGGCATCTCAGC-1,section_1
V13M06-332-C1,AGACCGCTCCGCGGTT-1,section_1
V13M06-332-C1,AGACGAAGTGCCGGTC-1,section_1
V13M06-332-C1,AGACGCCCACTTCGCC-1,section_1
V13M06-332-C1,AGAGAACCGTCTAGGA-1,section_1
V13M06-332-C1,AGAGCCGCCGAGATTT-1,section_1
V13M06-332-C1,AGAGGCTTCGGAAACC-1,section_1
V13M06-332-C1,AGAGTAAACTTCACTA-1,section_1
V13M06-332-C1,AGAGTATAGTGTTACG-1,section_1
V13M06-332-C1,AGATACCAATAGAACC-1,section_1
V13M06-332-C1,AGATACTCAAGATCGA-1,section_1
V13M06-332-C1,AGATCGTGCATAAGAT-1,section_1
V13M06-332-C1,AGATGATGGAGTCTGG-1,section_1
V13M06-332-C1,AGCAACATATCTTATT-1,section_1
V13M06-332-C1,AGCACTACCTCACCAG-1,section_1
V13M06-332-C1,AGCATATCAATATGCT-1,section_1
V13M06-332-C1,AGCATTACGAGGCAAG-1,section_1
V13M06-332-C1,AGCCACAGGTTACCCG-1,section_1
V13M06-332-C1,AGCCCTGTCGCACCGT-1,section_1
V13M06-332-C1,AGCCCTTGGACATCCC-1,section_1
V13M06-332-C1,AGCGATGCGCCTAATA-1,section_1
V13M06-332-C1,AGCGCGGGTGCCAATG-1,section_1
V13M06-332-C1,AGCGCTAGAGCGATGT-1,section_1
V13M06-332-C1,AGCTAAGTACGCAGGC-1,section_1
V13M06-332-C1,AGCTAGAAGCAGAAGT-1,section_1
V13M06-332-C1,AGCTCCATATATGTTC-1,section_1
V13M06-332-C1,AGCTCCTTCGCACATC-1,section_1
V13M06-332-C1,AGCTCTTCCCAGTGCA-1,section_1
V13M06-332-C1,AGCTCTTCGTAACCTT-1,section_1
V13M06-332-C1,AGCTTCTTCTCGAGCA-1,section_1
V13M06-332-C1,AGGAACGAACGACTTC-1,section_1
V13M06-332-C1,AGGACAGTCGAATCCC-1,section_1
V13M06-332-C1,AGGACATCGGCACACT-1,section_1
V13M06-332-C1,AGGAGACATCCACAGT-1,section_1
V13M06-332-C1,AGGAGAGTCTGGCTAC-1,section_1
V13M06-332-C1,AGGAGGCCTTCGCGCG-1,section_1
V13M06-332-C1,AGGATATAGGGATTTA-1,section_1
V13M06-332-C1,AGGATATCCGACTGCA-1,section_1
V13M06-332-C1,AGGATTGCTTACGACA-1,section_1
V13M06-332-C1,AGGCACGTGACTGTCC-1,section_1
V13M06-332-C1,AGGCAGATGCGTAAAC-1,section_1
V13M06-332-C1,AGGCATTGTCGTAGGG-1,section_1
V13M06-332-C1,AGGCCACATTGGTTAC-1,section_1
V13M06-332-C1,AGGCCTGAGAATCTCG-1,section_1
V13M06-332-C1,AGGCGATAACTGGCGT-1,section_1
V13M06-332-C1,AGGGACCGGCTGCGTT-1,section_1
V13M06-332-C1,AGGGAGACATACTTCG-1,section_1
V13M06-332-C1,AGGGCCCTAATGTTCT-1,section_1
V13M06-332-C1,AGGGTCGATGCGAACT-1,section_1
V13M06-332-C1,AGGGTCTGGACGCAGT-1,section_1
V13M06-332-C1,AGGGTGCTCTCGAGGG-1,section_1
V13M06-332-C1,AGGGTTCCCTTTGGTT-1,section_1
V13M06-332-C1,AGGTATAATTGATAGT-1,section_1
V13M06-332-C1,AGGTATGCGGACATTA-1,section_1
V13M06-332-C1,AGGTCGCCTCCCAACA-1,section_1
V13M06-332-C1,AGGTCGCGGAGTTACT-1,section_1
V13M06-332-C1,AGGTGCACGTCCACAT-1,section_1
V13M06-332-C1,AGGTGTTGCCGACCAC-1,section_1
V13M06-332-C1,AGGTTACACCATGCCG-1,section_1
V13M06-332-C1,AGTAACTATAGCAGCC-1,section_1
V13M06-332-C1,AGTACATCATTTATCA-1,section_1
V13M06-332-C1,AGTACGGGCACCTGGC-1,section_1
V13M06-332-C1,AGTACTCTTATGCCCA-1,section_1
V13M06-332-C1,AGTCAAGATGACACTT-1,section_1
V13M06-332-C1,AGTCACTAGCTCTCGA-1,section_1
V13M06-332-C1,AGTCCATTGGCTGATG-1,section_1
V13M06-332-C1,AGTCCCTCGCAGAAAG-1,section_1
V13M06-332-C1,AGTCGACGGTCTCAAG-1,section_1
V13M06-332-C1,AGTCGGTTGCGTGAGA-1,section_1
V13M06-332-C1,AGTCGTATAAAGCAGA-1,section_1
V13M06-332-C1,AGTCGTCGACCACCAA-1,section_1
V13M06-332-C1,AGTCTAAAGTATACTC-1,section_1
V13M06-332-C1,AGTGAACAAACTTCTC-1,section_1
V13M06-332-C1,AGTGAAGATGGTGTCC-1,section_1
V13M06-332-C1,AGTGAGACTTCCAGTA-1,section_1
V13M06-332-C1,AGTGAGCCTCGCCGCC-1,section_1
V13M06-332-C1,AGTGAGTCGAATTAAC-1,section_1
V13M06-332-C1,AGTGATAACCTGCGCG-1,section_1
V13M06-332-C1,AGTGATTCAAGCAGGA-1,section_1
V13M06-332-C1,AGTGCACGCTTAAGAA-1,section_1
V13M06-332-C1,AGTGCTAAACACAGCA-1,section_1
V13M06-332-C1,AGTGCTTGCACGAATA-1,section_1
V13M06-332-C1,AGTGGCGGCAATTTGA-1,section_1
V13M06-332-C1,AGTGGCGTCTGAAGGT-1,section_1
V13M06-332-C1,AGTTGGCAAGGCTAGA-1,section_1
V13M06-332-C1,AGTTTATGTAAAGACA-1,section_1
V13M06-332-C1,AGTTTGGCACGGGTTG-1,section_1
V13M06-332-C1,ATAAACGTTGCACCAC-1,section_1
V13M06-332-C1,ATAACGCCGGAGGGTC-1,section_1
V13M06-332-C1,ATAAGTAGGATTCAGA-1,section_1
V13M06-332-C1,ATAAGTAGGGCGACTC-1,section_1
V13M06-332-C1,ATACGAAGGCTTTCCA-1,section_1
V13M06-332-C1,ATACGGGTTTCGATTG-1,section_1
V13M06-332-C1,ATACGTCCACTCCTGT-1,section_1
V13M06-332-C1,ATACTACCCGTACCAC-1,section_1
V13M06-332-C1,ATACTGCCTTACACCG-1,section_1
V13M06-332-C1,ATAGACAACGGGACCT-1,section_1
V13M06-332-C1,ATAGAGTTATCAACTT-1,section_1
V13M06-332-C1,ATAGCAACTAGGGAAG-1,section_1
V13M06-332-C1,ATAGCCATAACAGTCA-1,section_1
V13M06-332-C1,ATAGGCTAGCTTCGCA-1,section_1
V13M06-332-C1,ATAGTTCCACCCACTC-1,section_1
V13M06-332-C1,ATATAACACGGGCGCA-1,section_1
V13M06-332-C1,ATATACGCTCGTGACG-1,section_1
V13M06-332-C1,ATATCAACCTACAGAG-1,section_1
V13M06-332-C1,ATATCGGTAGGGAGAT-1,section_1
V13M06-332-C1,ATATCGTTCCTCGAAC-1,section_1
V13M06-332-C1,ATATCTCCCTCGTTAA-1,section_1
V13M06-332-C1,ATATGTCTCCCTAGCC-1,section_1
V13M06-332-C1,ATATTGGAGAGGCCTT-1,section_1
V13M06-332-C1,ATCAAACACTGTTCCA-1,section_1
V13M06-332-C1,ATCACATTAGAATATC-1,section_1
V13M06-332-C1,ATCAGCCTCATGCTGC-1,section_1
V13M06-332-C1,ATCAGGTAGCTGACAG-1,section_1
V13M06-332-C1,ATCAGTAGGCAGGGAT-1,section_1
V13M06-332-C1,ATCATAGCCCTATGTA-1,section_1
V13M06-332-C1,ATCATGGACTACCGAC-1,section_1
V13M06-332-C1,ATCCGGACCAGCCTGA-1,section_1
V13M06-332-C1,ATCCTTCTGAAAGAAC-1,section_1
V13M06-332-C1,ATCGCCAGTCAACATT-1,section_1
V13M06-332-C1,ATCGCCGTGGTTCATG-1,section_1
V13M06-332-C1,ATCGCTGCGTGCAGCA-1,section_1
V13M06-332-C1,ATCGCTTTACGTCTCA-1,section_1
V13M06-332-C1,ATCGGCAAGCAGTCCA-1,section_1
V13M06-332-C1,ATCGTTAGCTAGCGGA-1,section_1
V13M06-332-C1,ATCTACCATCTGCTCC-1,section_1
V13M06-332-C1,ATCTCCCACGGAATAT-1,section_1
V13M06-332-C1,ATCTCGTGAGCGAAAC-1,section_1
V13M06-332-C1,ATCTGCACCTCTGCGA-1,section_1
V13M06-332-C1,ATCTTATCGCACACCC-1,section_1
V13M06-332-C1,ATCTTGACTTGTCCAA-1,section_1
V13M06-332-C1,ATCTTTCGTATAACCA-1,section_1
V13M06-332-C1,ATGACTATGCGACATT-1,section_1
V13M06-332-C1,ATGAGGGCAGCGGCTA-1,section_1
V13M06-332-C1,ATGCCATTTGCGACCA-1,section_1
V13M06-332-C1,ATGCCGGTTGATGGGA-1,section_1
V13M06-332-C1,ATGCGAGTCCCACCAC-1,section_1
V13M06-332-C1,ATGCTTAGGAGTTGAT-1,section_1
V13M06-332-C1,ATGGAACCTTTGCACA-1,section_1
V13M06-332-C1,ATGGCGGAATAGTCGC-1,section_1
V13M06-332-C1,ATGGGCCTCGGCCTCT-1,section_1
V13M06-332-C1,ATGGTCGCGTGGTTTC-1,section_1
V13M06-332-C1,ATGTAAGGCTGCTCTT-1,section_1
V13M06-332-C1,ATGTACATGCGGTGAG-1,section_1
V13M06-332-C1,ATGTTGATTAGAGACT-1,section_1
V13M06-332-C1,ATGTTTCGGCCCGGAG-1,section_1
V13M06-332-C1,ATTACATGTCAGTCTT-1,section_1
V13M06-332-C1,ATTACCACACTGCCTG-1,section_1
V13M06-332-C1,ATTACGACTCCACAGT-1,section_1
V13M06-332-C1,ATTACTTACTGGGCAT-1,section_1
V13M06-332-C1,ATTAGATTCCTCAGCA-1,section_1
V13M06-332-C1,ATTATAGCTACTTTAC-1,section_1
V13M06-332-C1,ATTATTCAGAGTCACT-1,section_1
V13M06-332-C1,ATTCAACCATTTAAGG-1,section_1
V13M06-332-C1,ATTCAGGACCTATTTC-1,section_1
V13M06-332-C1,ATTCATCGTTGAGGCA-1,section_1
V13M06-332-C1,ATTCGCGCCTTGAGAG-1,section_1
V13M06-332-C1,ATTCGTGCTATCTCTT-1,section_1
V13M06-332-C1,ATTGATGAGTCCTAAC-1,section_1
V13M06-332-C1,ATTGCCTTTATGTTTG-1,section_1
V13M06-332-C1,ATTGCGATCAGTAACT-1,section_1
V13M06-332-C1,ATTGGATTACAGCGTA-1,section_1
V13M06-332-C1,ATTGGTTGTGCATTAC-1,section_1
V13M06-332-C1,ATTGTACAACTCGGCT-1,section_1
V13M06-332-C1,ATTGTTCAACGATCCG-1,section_1
V13M06-332-C1,ATTTACTAAGTCCATT-1,section_1
V13M06-332-C1,ATTTGTCTTGGGAGCT-1,section_1
V13M06-332-C1,CAAACTCGCGACGCCG-1,section_1
V13M06-332-C1,CAAAGGTCATCTGAAA-1,section_1
V13M06-332-C1,CAAATTGGATTATGCC-1,section_1
V13M06-332-C1,CAACACATCTCCTGCC-1,section_1
V13M06-332-C1,CAACCAGTGGCCTACC-1,section_1
V13M06-332-C1,CAACCTACCGAGCAGT-1,section_1
V13M06-332-C1,CAACCTGAACCTGCCA-1,section_1
V13M06-332-C1,CAACGATCGATCCAAT-1,section_1
V13M06-332-C1,CAACGTGGTGGAGTCT-1,section_1
V13M06-332-C1,CAAGACTCAGAAGCGC-1,section_1
V13M06-332-C1,CAAGATATTATAACGT-1,section_1
V13M06-332-C1,CAAGGCCAGTGGTGCA-1,section_1
V13M06-332-C1,CAAGGTCCTATAGGCT-1,section_1
V13M06-332-C1,CAAGTGTGGTTGCAAA-1,section_1
V13M06-332-C1,CAATACGAGAGTCTGA-1,section_1
V13M06-332-C1,CAATGAGGTTCGACTA-1,section_1
V13M06-332-C1,CAATGCGAGAAGTATC-1,section_1
V13M06-332-C1,CAATGGATCTCTACCA-1,section_1
V13M06-332-C1,CAATGTGCCAACCCTT-1,section_1
V13M06-332-C1,CACAAACCGCAGAACT-1,section_1
V13M06-332-C1,CACACACGCTAACGAG-1,section_1
V13M06-332-C1,CACACAGCTTGCGCTC-1,section_1
V13M06-332-C1,CACACGCGCTGTCTTA-1,section_1
V13M06-332-C1,CACAGGGCCATATAGT-1,section_1
V13M06-332-C1,CACAGTCCCGCTTCGC-1,section_1
V13M06-332-C1,CACAGTTCGCTTCCCA-1,section_1
V13M06-332-C1,CACATTCTTTCGATGG-1,section_1
V13M06-332-C1,CACATTTCTTGTCAGA-1,section_1
V13M06-332-C1,CACCCAAATCTTATGT-1,section_1
V13M06-332-C1,CACCCACGAGGCAATT-1,section_1
V13M06-332-C1,CACCCGCGTTTGACAC-1,section_1
V13M06-332-C1,CACCCTAACAAGATCT-1,section_1
V13M06-332-C1,CACCGATGATGGGTAC-1,section_1
V13M06-332-C1,CACCGTATCCCATCCG-1,section_1
V13M06-332-C1,CACCTTGCGAAACTCG-1,section_1
V13M06-332-C1,CACCTTGGCGCCTTTG-1,section_1
V13M06-332-C1,CACGCGGAACTGTTGC-1,section_1
V13M06-332-C1,CACGGACGTGGATGGC-1,section_1
V13M06-332-C1,CACGTCAATCAATGGA-1,section_1
V13M06-332-C1,CACGTTCGTGCTCTAG-1,section_1
V13M06-332-C1,CACGTTTCGTACACAC-1,section_1
V13M06-332-C1,CACTACGGGAGCTGCC-1,section_1
V13M06-332-C1,CACTCTTCTGCTAGCC-1,section_1
V13M06-332-C1,CAGAACTTAGCCCTCT-1,section_1
V13M06-332-C1,CAGAATAACACACGGA-1,section_1
V13M06-332-C1,CAGAATATTCGTTATC-1,section_1
V13M06-332-C1,CAGACCTGTAAGTGTT-1,section_1
V13M06-332-C1,CAGAGCGATGGATGCT-1,section_1
V13M06-332-C1,CAGATAATGGGCGGGT-1,section_1
V13M06-332-C1,CAGATCATTTAAAGTC-1,section_1
V13M06-332-C1,CAGCAGCCCGTTCCTT-1,section_1
V13M06-332-C1,CAGCAGTCCAGACTAT-1,section_1
V13M06-332-C1,CAGCCTCGATAGCGGT-1,section_1
V13M06-332-C1,CAGCTCGACAAGTTAA-1,section_1
V13M06-332-C1,CAGGACAGCTGCCCTT-1,section_1
V13M06-332-C1,CAGGCAGTCTTACCAG-1,section_1
V13M06-332-C1,CAGTAGCCCACGCGGT-1,section_1
V13M06-332-C1,CAGTCGAGGATGCAAT-1,section_1
V13M06-332-C1,CAGTGAATAAATGACT-1,section_1
V13M06-332-C1,CAGTGTCGGCTGGCCC-1,section_1
V13M06-332-C1,CATAACGGACAGTCGT-1,section_1
V13M06-332-C1,CATACTTAGGCAATAC-1,section_1
V13M06-332-C1,CATAGAGGAGATACTA-1,section_1
V13M06-332-C1,CATAGTCAAATACATA-1,section_1
V13M06-332-C1,CATAGTGGGCACGCCT-1,section_1
V13M06-332-C1,CATCATTACCCTGAGG-1,section_1
V13M06-332-C1,CATCCCGAGATTCATA-1,section_1
V13M06-332-C1,CATCCTCTCAAAGATC-1,section_1
V13M06-332-C1,CATCTAGTGAAGGGAA-1,section_1
V13M06-332-C1,CATCTTACACCACCTC-1,section_1
V13M06-332-C1,CATGACTTCGCTGAAT-1,section_1
V13M06-332-C1,CATGATCGCTTTGAGA-1,section_1
V13M06-332-C1,CATGATGGAAGTTAGC-1,section_1
V13M06-332-C1,CATGCGACCAGTTTAA-1,section_1
V13M06-332-C1,CATGGATTGTCTTCCG-1,section_1
V13M06-332-C1,CATGGGTATGCCTTAT-1,section_1
V13M06-332-C1,CATGGGTCGGGTGTGG-1,section_1
V13M06-332-C1,CATGGTTTATTAATCA-1,section_1
V13M06-332-C1,CATGTAAGAGACATTT-1,section_1
V13M06-332-C1,CATGTCTCATTTATGG-1,section_1
V13M06-332-C1,CATTACATAGATTGTG-1,section_1
V13M06-332-C1,CATTACGCAGGAAGGG-1,section_1
V13M06-332-C1,CATTCCCATTCCGTCG-1,section_1
V13M06-332-C1,CATTCGTCGTAGCGGT-1,section_1
V13M06-332-C1,CATTGATGAACACGCC-1,section_1
V13M06-332-C1,CATTGCGGGTCAATTC-1,section_1
V13M06-332-C1,CATTTAGCGGACCATG-1,section_1
V13M06-332-C1,CCAAATAACAAGATTC-1,section_1
V13M06-332-C1,CCAACTTGATAGATCC-1,section_1
V13M06-332-C1,CCAAGGTTGCCCTTTC-1,section_1
V13M06-332-C1,CCAATTACGGGTCGAG-1,section_1
V13M06-332-C1,CCACAATGTACGTCTT-1,section_1
V13M06-332-C1,CCACAGTACCCATCCT-1,section_1
V13M06-332-C1,CCACATACTGCACCCA-1,section_1
V13M06-332-C1,CCACCTGTATGGAATA-1,section_1
V13M06-332-C1,CCACGAATTTAACCTC-1,section_1
V13M06-332-C1,CCACGGTGCCCGGTAG-1,section_1
V13M06-332-C1,CCACGTAAATTAGACT-1,section_1
V13M06-332-C1,CCACTATCCGGGTCAC-1,section_1
V13M06-332-C1,CCACTGTTTGGATTAA-1,section_1
V13M06-332-C1,CCAGAAACTGATGCGA-1,section_1
V13M06-332-C1,CCAGATAGTTGAGTGA-1,section_1
V13M06-332-C1,CCAGATGTAAATGGGT-1,section_1
V13M06-332-C1,CCAGCGGGATCACCAG-1,section_1
V13M06-332-C1,CCAGGCTGGCGTCTGA-1,section_1
V13M06-332-C1,CCAGTAGTCTGATCCA-1,section_1
V13M06-332-C1,CCAGTCTAGACGGCGC-1,section_1
V13M06-332-C1,CCATACCTTTACTTGT-1,section_1
V13M06-332-C1,CCATATGGAAACTATA-1,section_1
V13M06-332-C1,CCATCTCACCAGTGAA-1,section_1
V13M06-332-C1,CCATGCCCTAGATTTC-1,section_1
V13M06-332-C1,CCATTGTTTCCTCCAT-1,section_1
V13M06-332-C1,CCCAAACATGCTGCTC-1,section_1
V13M06-332-C1,CCCAAGTCATTACACT-1,section_1
V13M06-332-C1,CCCAGAGGAGGGCGTA-1,section_1
V13M06-332-C1,CCCAGGTCTGAAGGCT-1,section_1
V13M06-332-C1,CCCAGTTAAGGCGCCG-1,section_1
V13M06-332-C1,CCCATATAGGTCGATT-1,section_1
V13M06-332-C1,CCCATTATTGTATCCT-1,section_1
V13M06-332-C1,CCCGAGTTTCTCCGTA-1,section_1
V13M06-332-C1,CCCGATAGCCTCGCCT-1,section_1
V13M06-332-C1,CCCGTTTCGCAGATGT-1,section_1
V13M06-332-C1,CCCTACTTGAACAATG-1,section_1
V13M06-332-C1,CCCTCCTCGCTCGTAT-1,section_1
V13M06-332-C1,CCCTTTAATGGAGTTC-1,section_1
V13M06-332-C1,CCGAAGGGCGTACCGC-1,section_1
V13M06-332-C1,CCGACAATAGGCCGCC-1,section_1
V13M06-332-C1,CCGAGAAGTCGCATAA-1,section_1
V13M06-332-C1,CCGATATGACGTAAGG-1,section_1
V13M06-332-C1,CCGATCTCAACCTTAT-1,section_1
V13M06-332-C1,CCGCACACGAACGTGT-1,section_1
V13M06-332-C1,CCGCACTTGCAATGAC-1,section_1
V13M06-332-C1,CCGCCGTTGAGGATAA-1,section_1
V13M06-332-C1,CCGCTCTTCCGAACTA-1,section_1
V13M06-332-C1,CCGCTTGCTGACATGG-1,section_1
V13M06-332-C1,CCGGAAGTTATCAGTC-1,section_1
V13M06-332-C1,CCGGCACGACCGTTTC-1,section_1
V13M06-332-C1,CCGGGCTGCTCCATAC-1,section_1
V13M06-332-C1,CCGGTAATGGCTAGTC-1,section_1
V13M06-332-C1,CCGTAGGAAATCCCTG-1,section_1
V13M06-332-C1,CCGTAGGGTTGTTTAC-1,section_1
V13M06-332-C1,CCGTGAGGCATTCATG-1,section_1
V13M06-332-C1,CCGTGGAACGATCCAA-1,section_1
V13M06-332-C1,CCGTTACGTTAGAACA-1,section_1
V13M06-332-C1,CCTAAATTGTATCCTA-1,section_1
V13M06-332-C1,CCTAACCCAAACAAGT-1,section_1
V13M06-332-C1,CCTAACTAAGGCTCTA-1,section_1
V13M06-332-C1,CCTACTCAACACGATT-1,section_1
V13M06-332-C1,CCTACTGCGGCGGCCA-1,section_1
V13M06-332-C1,CCTAGGCGTAGCGATC-1,section_1
V13M06-332-C1,CCTATAATGAGTGCCC-1,section_1
V13M06-332-C1,CCTATGAAGTGGTGCC-1,section_1
V13M06-332-C1,CCTATGTCCACTCCAC-1,section_1
V13M06-332-C1,CCTCACCTGAGGGAGC-1,section_1
V13M06-332-C1,CCTCACCTTAGCATCG-1,section_1
V13M06-332-C1,CCTCACGTCAGCTAAT-1,section_1
V13M06-332-C1,CCTCCTGTTGTGTCGT-1,section_1
V13M06-332-C1,CCTCGCGCGATATAGG-1,section_1
V13M06-332-C1,CCTCGGACCGGGATAG-1,section_1
V13M06-332-C1,CCTGAACGATATATTC-1,section_1
V13M06-332-C1,CCTGGAAACGTTCTGC-1,section_1
V13M06-332-C1,CCTGTCCCTCACGTTA-1,section_1
V13M06-332-C1,CCTGTTTGAAGACACG-1,section_1
V13M06-332-C1,CCTTGACCACTTTATT-1,section_1
V13M06-332-C1,CCTTTCAATGAAGAAA-1,section_1
V13M06-332-C1,CGAACAGTATGGGCGT-1,section_1
V13M06-332-C1,CGAATTCCCGGTTCAA-1,section_1
V13M06-332-C1,CGACAATTTGATCTAA-1,section_1
V13M06-332-C1,CGACACGCTCCGACAG-1,section_1
V13M06-332-C1,CGACTCAGGATGTTAT-1,section_1
V13M06-332-C1,CGACTTTGTATAGCCT-1,section_1
V13M06-332-C1,CGAGAGCTTTCACTAC-1,section_1
V13M06-332-C1,CGAGAGGGTAGCCGCG-1,section_1
V13M06-332-C1,CGAGATTTCGCTCGGG-1,section_1
V13M06-332-C1,CGAGGAGCTTCCATAT-1,section_1
V13M06-332-C1,CGAGGATCGGGAACGA-1,section_1
V13M06-332-C1,CGAGTTCTGTCCCACC-1,section_1
V13M06-332-C1,CGAGTTTATCGGACTG-1,section_1
V13M06-332-C1,CGATAATACTCAGGTT-1,section_1
V13M06-332-C1,CGATAGTCGTACTGCA-1,section_1
V13M06-332-C1,CGATGGACCCTACGCC-1,section_1
V13M06-332-C1,CGCACATGTCCACTAC-1,section_1
V13M06-332-C1,CGCACGTGCGCTATCA-1,section_1
V13M06-332-C1,CGCAGATCTTCACCCG-1,section_1
V13M06-332-C1,CGCAGGCGATCCAAAC-1,section_1
V13M06-332-C1,CGCATCCATCAGCCAG-1,section_1
V13M06-332-C1,CGCATGCCGAATGCGT-1,section_1
V13M06-332-C1,CGCCCAGCGTTTCACG-1,section_1
V13M06-332-C1,CGCCGCCCATGCCTGT-1,section_1
V13M06-332-C1,CGCCGTCTACCCATCG-1,section_1
V13M06-332-C1,CGCCGTTCAGCATAGT-1,section_1
V13M06-332-C1,CGCCTTTAGCATGCTC-1,section_1
V13M06-332-C1,CGCGAAGTGGCATACT-1,section_1
V13M06-332-C1,CGCGACCGCGACAGAT-1,section_1
V13M06-332-C1,CGCGGCTCAACTTGAA-1,section_1
V13M06-332-C1,CGCGGGAATTAGGCAG-1,section_1
V13M06-332-C1,CGCGGTAAGTCTAGCT-1,section_1
V13M06-332-C1,CGCGGTACGGTATACA-1,section_1
V13M06-332-C1,CGCTAGAGACCGCTGC-1,section_1
V13M06-332-C1,CGCTGGTGACTACCCT-1,section_1
V13M06-332-C1,CGCTTCGGTCTAAGAC-1,section_1
V13M06-332-C1,CGCTTGGACGGATAGA-1,section_1
V13M06-332-C1,CGCTTTCTTGCATTCG-1,section_1
V13M06-332-C1,CGGATCCTCAAGGACT-1,section_1
V13M06-332-C1,CGGCAATAAGATCGCC-1,section_1
V13M06-332-C1,CGGCAGGGTCGGGTTG-1,section_1
V13M06-332-C1,CGGCCCAACCTGTAGT-1,section_1
V13M06-332-C1,CGGCCCAGGTATATCC-1,section_1
V13M06-332-C1,CGGCGCCATCAATCCC-1,section_1
V13M06-332-C1,CGGCTCTAAAGCTGCA-1,section_1
V13M06-332-C1,CGGGAATATAGTATAC-1,section_1
V13M06-332-C1,CGGGAGCTTCAGTGTA-1,section_1
V13M06-332-C1,CGGGTGTACCCATTTA-1,section_1
V13M06-332-C1,CGGGTTTGTTAGGGCT-1,section_1
V13M06-332-C1,CGGTACTAGAATCAAA-1,section_1
V13M06-332-C1,CGGTAGAGGTGCAGGT-1,section_1
V13M06-332-C1,CGGTCAAGTGGGAACC-1,section_1
V13M06-332-C1,CGGTCAGTCCATATTT-1,section_1
V13M06-332-C1,CGGTCCATGAGACTCC-1,section_1
V13M06-332-C1,CGGTCTATCAACCCGT-1,section_1
V13M06-332-C1,CGGTTATCCAACAGTG-1,section_1
V13M06-332-C1,CGGTTCAAGTAGGTGT-1,section_1
V13M06-332-C1,CGTAGAGAGTAATTAT-1,section_1
V13M06-332-C1,CGTATCTAGAACTAAG-1,section_1
V13M06-332-C1,CGTATTGTTTCCTAAT-1,section_1
V13M06-332-C1,CGTCAAATGGTCGCAG-1,section_1
V13M06-332-C1,CGTCCTCATCGCGTGC-1,section_1
V13M06-332-C1,CGTCGGATAGTGTTGA-1,section_1
V13M06-332-C1,CGTCTTGAGTGTGACG-1,section_1
V13M06-332-C1,CGTGACATTGGGTCGT-1,section_1
V13M06-332-C1,CGTGGAAGCCTCGTAC-1,section_1
V13M06-332-C1,CGTGGCCGAATATCTA-1,section_1
V13M06-332-C1,CGTGTATGGGAGCTGA-1,section_1
V13M06-332-C1,CGTGTGTTAAACCCTG-1,section_1
V13M06-332-C1,CGTTAAACTAGTTAGG-1,section_1
V13M06-332-C1,CGTTAATGTCCCGACG-1,section_1
V13M06-332-C1,CGTTGTAAGATTGATT-1,section_1
V13M06-332-C1,CGTTTACAAGGCAGCT-1,section_1
V13M06-332-C1,CGTTTCACTTCGGGCG-1,section_1
V13M06-332-C1,CGTTTGGTGTTGTGGG-1,section_1
V13M06-332-C1,CTAAATCCTATTCCGG-1,section_1
V13M06-332-C1,CTAACGAAACTTGCTG-1,section_1
V13M06-332-C1,CTAACTGATAATCGCC-1,section_1
V13M06-332-C1,CTAATTCTCAGATATT-1,section_1
V13M06-332-C1,CTACACTCGCAGATGG-1,section_1
V13M06-332-C1,CTACCCTAAGGTCATA-1,section_1
V13M06-332-C1,CTACTATCTTTCAGAG-1,section_1
V13M06-332-C1,CTAGATGTGAGTGTAA-1,section_1
V13M06-332-C1,CTAGCCACAGGCGAGC-1,section_1
V13M06-332-C1,CTAGCCGATGTTATGA-1,section_1
V13M06-332-C1,CTAGCTTAATGGTCCC-1,section_1
V13M06-332-C1,CTAGGCGCCCTATCAG-1,section_1
V13M06-332-C1,CTAGGTCTGAAGGAAT-1,section_1
V13M06-332-C1,CTAGTAGAAAGGGATT-1,section_1
V13M06-332-C1,CTATAAGAGCCAATCG-1,section_1
V13M06-332-C1,CTATCGACGAAATACA-1,section_1
V13M06-332-C1,CTATCGCGTAGAGAAC-1,section_1
V13M06-332-C1,CTATGGGAAGCGGAAT-1,section_1
V13M06-332-C1,CTATTTGGTTACGGAT-1,section_1
V13M06-332-C1,CTCAACTAACCCGGAT-1,section_1
V13M06-332-C1,CTCACACGCAAGCCTA-1,section_1
V13M06-332-C1,CTCAGTCACGACAAAT-1,section_1
V13M06-332-C1,CTCATCACTTAGTGAT-1,section_1
V13M06-332-C1,CTCATTAACGTTGCCC-1,section_1
V13M06-332-C1,CTCCCAATGAGTCGCG-1,section_1
V13M06-332-C1,CTCCTGTTCAAGGCAG-1,section_1
V13M06-332-C1,CTCCTTTACGCAAGTC-1,section_1
V13M06-332-C1,CTCGATATTTGCGAGC-1,section_1
V13M06-332-C1,CTCGGGATAACACCTA-1,section_1
V13M06-332-C1,CTCGGTACCACTGCTC-1,section_1
V13M06-332-C1,CTCGTCTGTGCCTTCG-1,section_1
V13M06-332-C1,CTCGTTTCTAATGTTT-1,section_1
V13M06-332-C1,CTCTAATGCATTGATC-1,section_1
V13M06-332-C1,CTCTAGCCCTCGGAAA-1,section_1
V13M06-332-C1,CTCTTCTATTGACTGG-1,section_1
V13M06-332-C1,CTGAATTTATTGCCAG-1,section_1
V13M06-332-C1,CTGACATAGAAATAGA-1,section_1
V13M06-332-C1,CTGACTGCGCAGCTCG-1,section_1
V13M06-332-C1,CTGAGAAAGTTCGGCG-1,section_1
V13M06-332-C1,CTGAGAGTAGAAATAC-1,section_1
V13M06-332-C1,CTGAGCGAGACTTATT-1,section_1
V13M06-332-C1,CTGCAAGCACGTTCCG-1,section_1
V13M06-332-C1,CTGCACCTAGTCCACA-1,section_1
V13M06-332-C1,CTGCAGAGAATCAGAG-1,section_1
V13M06-332-C1,CTGCCTCATATGCAAC-1,section_1
V13M06-332-C1,CTGCCTTTCTAGTAAA-1,section_1
V13M06-332-C1,CTGCTCTCAACACACC-1,section_1
V13M06-332-C1,CTGCTGTCTAACGAGC-1,section_1
V13M06-332-C1,CTGGAAGACACGGTGG-1,section_1
V13M06-332-C1,CTGGCGCACAGGTCTG-1,section_1
V13M06-332-C1,CTGGCTGATTCATCCT-1,section_1
V13M06-332-C1,CTGGGATAAATAATGG-1,section_1
V13M06-332-C1,CTGGGATACGCTACCC-1,section_1
V13M06-332-C1,CTGGGTAGGCAGTTAA-1,section_1
V13M06-332-C1,CTGGTAAAGACTTACA-1,section_1
V13M06-332-C1,CTGGTAAAGTGTGGGC-1,section_1
V13M06-332-C1,CTGGTAACACATAGAA-1,section_1
V13M06-332-C1,CTGGTAACGAGCTCTT-1,section_1
V13M06-332-C1,CTGGTTCGCGAGCTAC-1,section_1
V13M06-332-C1,CTGGTTTCGAGCAAGA-1,section_1
V13M06-332-C1,CTGTCAAATGGCTCGG-1,section_1
V13M06-332-C1,CTGTGGTCGGGAGATA-1,section_1
V13M06-332-C1,CTTAACTTACAGTATA-1,section_1
V13M06-332-C1,CTTACTGACTCCTCTG-1,section_1
V13M06-332-C1,CTTAGGTCCCAATCGT-1,section_1
V13M06-332-C1,CTTAGTAGGCCTACAG-1,section_1
V13M06-332-C1,CTTAGTGTAGTAGCAT-1,section_1
V13M06-332-C1,CTTATAGATGGCTGTT-1,section_1
V13M06-332-C1,CTTCGATTGCGCAAGC-1,section_1
V13M06-332-C1,CTTCGGCCAATTGTTT-1,section_1
V13M06-332-C1,CTTGAGTTAGGGTAAT-1,section_1
V13M06-332-C1,CTTGATGACCATCCAG-1,section_1
V13M06-332-C1,CTTGCCCACCCACGCA-1,section_1
V13M06-332-C1,CTTGTGCTCACCGATT-1,section_1
V13M06-332-C1,CTTGTTGCTGAGTCAA-1,section_1
V13M06-332-C1,CTTTACCGAATAGTAG-1,section_1
V13M06-332-C1,CTTTAGGAACACTGTT-1,section_1
V13M06-332-C1,CTTTGCATCGCTCTTG-1,section_1
V13M06-332-C1,CTTTGCTGTCATGGAT-1,section_1
V13M06-332-C1,GAAACAGATGACCACC-1,section_1
V13M06-332-C1,GAAACCATGGTGCGCT-1,section_1
V13M06-332-C1,GAAAGAACAGCGTTAT-1,section_1
V13M06-332-C1,GAACAACTGGGATGAA-1,section_1
V13M06-332-C1,GAACGATAAGTTAAAG-1,section_1
V13M06-332-C1,GAACGCGGGTCACACG-1,section_1
V13M06-332-C1,GAACGTCTCATGGTCG-1,section_1
V13M06-332-C1,GAACTTGTGCACGGGA-1,section_1
V13M06-332-C1,GAAGGCTACCATTGTT-1,section_1
V13M06-332-C1,GAAGTCTCCCTAGCGA-1,section_1
V13M06-332-C1,GAATAGACGCGACCCA-1,section_1
V13M06-332-C1,GAATAGCATTTAGGGT-1,section_1
V13M06-332-C1,GAATGTGGTCCGGATT-1,section_1
V13M06-332-C1,GACAAACATATGCAGG-1,section_1
V13M06-332-C1,GACAAGACGCCCGTGC-1,section_1
V13M06-332-C1,GACAAGAGATGAGATT-1,section_1
V13M06-332-C1,GACACTGGAACCCGAT-1,section_1
V13M06-332-C1,GACACTTCCAATTACC-1,section_1
V13M06-332-C1,GACAGCCAGACCTGAC-1,section_1
V13M06-332-C1,GACCAAACGTTGACTG-1,section_1
V13M06-332-C1,GACCGACGTGAAAGCA-1,section_1
V13M06-332-C1,GACCGCGTCTGACGTG-1,section_1
V13M06-332-C1,GACGAGGCTAATAAAC-1,section_1
V13M06-332-C1,GACGGTCAATAGAAGC-1,section_1
V13M06-332-C1,GACGGTCCTAGGGTGT-1,section_1
V13M06-332-C1,GACGTTCGTAAATACA-1,section_1
V13M06-332-C1,GACTCACCCACGTGAG-1,section_1
V13M06-332-C1,GACTCCCAGAATAAGG-1,section_1
V13M06-332-C1,GACTCGCGGGAATGAC-1,section_1
V13M06-332-C1,GACTGCACCAGCCCAG-1,section_1
V13M06-332-C1,GAGAAACTGGATCCCA-1,section_1
V13M06-332-C1,GAGAACGGTTCTGACT-1,section_1
V13M06-332-C1,GAGAGGCCTATGTGTA-1,section_1
V13M06-332-C1,GAGATGACAATCCTTA-1,section_1
V13M06-332-C1,GAGCACCTGTGTCCAG-1,section_1
V13M06-332-C1,GAGCACGGCGCCTCTT-1,section_1
V13M06-332-C1,GAGCCAGCTACCTGTG-1,section_1
V13M06-332-C1,GAGCGCAAATACTCCG-1,section_1
V13M06-332-C1,GAGCGCGCACGAGTAG-1,section_1
V13M06-332-C1,GAGCTAAGGGCATATC-1,section_1
V13M06-332-C1,GAGGATAAACAGTGCT-1,section_1
V13M06-332-C1,GAGGCCTGTTGATACA-1,section_1
V13M06-332-C1,GAGGGCCATAATATTA-1,section_1
V13M06-332-C1,GAGGGCGCAGCTCTGC-1,section_1
V13M06-332-C1,GAGTAAACCGGAAAGT-1,section_1
V13M06-332-C1,GAGTAAATTAAGAACC-1,section_1
V13M06-332-C1,GAGTATCAAAGTTACA-1,section_1
V13M06-332-C1,GAGTGCACGGACAACA-1,section_1
V13M06-332-C1,GAGTGTCAACCAGAAA-1,section_1
V13M06-332-C1,GAGTGTGCGGTACCCA-1,section_1
V13M06-332-C1,GATAACTCGCACTGTG-1,section_1
V13M06-332-C1,GATACCGTGTCGGAGT-1,section_1
V13M06-332-C1,GATAGGATTAATTACA-1,section_1
V13M06-332-C1,GATAGGTGTCCCGGGC-1,section_1
V13M06-332-C1,GATATGAGACACTAAC-1,section_1
V13M06-332-C1,GATATGCGGTAGCCAA-1,section_1
V13M06-332-C1,GATATTGAGATTGGCG-1,section_1
V13M06-332-C1,GATCCGAATATAAGTG-1,section_1
V13M06-332-C1,GATCCTAAATCGGGAC-1,section_1
V13M06-332-C1,GATCGCTACCCGATTT-1,section_1
V13M06-332-C1,GATCTCGACGCTGTGG-1,section_1
V13M06-332-C1,GATGAGGAACCTTCGG-1,section_1
V13M06-332-C1,GATTAACCGAAAGCCC-1,section_1
V13M06-332-C1,GATTGGGAAAGGTTGT-1,section_1
V13M06-332-C1,GCAAACCCTACATTAT-1,section_1
V13M06-332-C1,GCAAACGTCGCCAGGT-1,section_1
V13M06-332-C1,GCAACAGCAGTATGCG-1,section_1
V13M06-332-C1,GCAACGGCTAGTTATG-1,section_1
V13M06-332-C1,GCAATTAGTCGCACCG-1,section_1
V13M06-332-C1,GCACAAACGAGGCGTG-1,section_1
V13M06-332-C1,GCACACACTGGTAGCC-1,section_1
V13M06-332-C1,GCACCTTCCCGAAGGT-1,section_1
V13M06-332-C1,GCACGTGGTTTACTTA-1,section_1
V13M06-332-C1,GCAGAAGGTAATCTCC-1,section_1
V13M06-332-C1,GCAGACCCAGCACGTA-1,section_1
V13M06-332-C1,GCAGATCCATAAGACT-1,section_1
V13M06-332-C1,GCAGCCTATATCACAT-1,section_1
V13M06-332-C1,GCAGCTGTCAACGCAT-1,section_1
V13M06-332-C1,GCAGTGCGGGCGGATG-1,section_1
V13M06-332-C1,GCAGTGTGGCTATAGG-1,section_1
V13M06-332-C1,GCAGTTCGATCCGAGC-1,section_1
V13M06-332-C1,GCATCGGCCGTGTAGG-1,section_1
V13M06-332-C1,GCATGACACAAAGGAA-1,section_1
V13M06-332-C1,GCATGAGGGACGCGGC-1,section_1
V13M06-332-C1,GCATGCTAATAACGAT-1,section_1
V13M06-332-C1,GCATTCAAGGCAACGC-1,section_1
V13M06-332-C1,GCATTTCCAAGGCTCC-1,section_1
V13M06-332-C1,GCCAACCATTTCCGGA-1,section_1
V13M06-332-C1,GCCAATAGGGCATCTC-1,section_1
V13M06-332-C1,GCCACTCAGAGCGCGA-1,section_1
V13M06-332-C1,GCCACTCCTTACGGTA-1,section_1
V13M06-332-C1,GCCAGGAGTAACCGAT-1,section_1
V13M06-332-C1,GCCATATTGCACACAG-1,section_1
V13M06-332-C1,GCCATCGATGCTGCAT-1,section_1
V13M06-332-C1,GCCCAGATGCTGGAGA-1,section_1
V13M06-332-C1,GCCCGTAATACCTTCT-1,section_1
V13M06-332-C1,GCCCGTCAAGCCCAAT-1,section_1
V13M06-332-C1,GCCGCACTCCGTTTCA-1,section_1
V13M06-332-C1,GCCGTGGAAGAAATGT-1,section_1
V13M06-332-C1,GCCTACGTTCTGTGCA-1,section_1
V13M06-332-C1,GCCTATAGTGTCAGGG-1,section_1
V13M06-332-C1,GCCTATCAGGTAAGAT-1,section_1
V13M06-332-C1,GCCTCATCTGGAAATA-1,section_1
V13M06-332-C1,GCCTCCGACAATTCAC-1,section_1
V13M06-332-C1,GCGAAACGATCGGGAG-1,section_1
V13M06-332-C1,GCGAAACTTAACTGGA-1,section_1
V13M06-332-C1,GCGAAGAATCTGACGG-1,section_1
V13M06-332-C1,GCGACATGTAAACATC-1,section_1
V13M06-332-C1,GCGAGAGGCCATGTAA-1,section_1
V13M06-332-C1,GCGAGAGTTGCGTCCA-1,section_1
V13M06-332-C1,GCGAGCGCATGCTCCC-1,section_1
V13M06-332-C1,GCGCAAGAGCGCGCTG-1,section_1
V13M06-332-C1,GCGCATCCAGTCAGCA-1,section_1
V13M06-332-C1,GCGCCTCCCACTCCGA-1,section_1
V13M06-332-C1,GCGCGTCATTGGTACA-1,section_1
V13M06-332-C1,GCGCTCGATCACCTGT-1,section_1
V13M06-332-C1,GCGCTGCTTTGCATTT-1,section_1
V13M06-332-C1,GCGCTTAAATAATTGG-1,section_1
V13M06-332-C1,GCGGGCATTACGATGC-1,section_1
V13M06-332-C1,GCGGTGAACTGCGCTC-1,section_1
V13M06-332-C1,GCGTAAATGGCCATAA-1,section_1
V13M06-332-C1,GCGTCTAACCTCCTAA-1,section_1
V13M06-332-C1,GCGTGGTACTGGGTTA-1,section_1
V13M06-332-C1,GCGTTCTGACTAAGCG-1,section_1
V13M06-332-C1,GCTAACTGAAGTCTGA-1,section_1
V13M06-332-C1,GCTAAGTAGTTTCTCT-1,section_1
V13M06-332-C1,GCTACAATCGAGGATA-1,section_1
V13M06-332-C1,GCTACTATAGTAGAGT-1,section_1
V13M06-332-C1,GCTAGACCGTCTACTG-1,section_1
V13M06-332-C1,GCTAGAGTAGAGATGT-1,section_1
V13M06-332-C1,GCTAGCACCTGGGCCA-1,section_1
V13M06-332-C1,GCTAGGCACCACGGAG-1,section_1
V13M06-332-C1,GCTATACGTCTCGGAC-1,section_1
V13M06-332-C1,GCTCCATGAGTGCAGA-1,section_1
V13M06-332-C1,GCTCCCAGTCGGTCCA-1,section_1
V13M06-332-C1,GCTCCGCTCGCTTCAG-1,section_1
V13M06-332-C1,GCTCGCTCATGTCCAA-1,section_1
V13M06-332-C1,GCTGAACTCTCCAGGG-1,section_1
V13M06-332-C1,GCTGTTGCTACCGAAC-1,section_1
V13M06-332-C1,GCTTAATGTAACTAAC-1,section_1
V13M06-332-C1,GCTTACGTAGTTAGTA-1,section_1
V13M06-332-C1,GCTTATGAAGCAGGAA-1,section_1
V13M06-332-C1,GCTTGCAGCACAATTG-1,section_1
V13M06-332-C1,GCTTGGATCGATTAGG-1,section_1
V13M06-332-C1,GCTTTACACAACTGGG-1,section_1
V13M06-332-C1,GCTTTCAGAGGAGGTG-1,section_1
V13M06-332-C1,GGAAACTAAATGGGCC-1,section_1
V13M06-332-C1,GGAAAGTGCCCATGCC-1,section_1
V13M06-332-C1,GGAACTTTGGCGATTA-1,section_1
V13M06-332-C1,GGAATGCGCTAGCGTG-1,section_1
V13M06-332-C1,GGACAACCATGAAGCC-1,section_1
V13M06-332-C1,GGACACAAGTTTACAC-1,section_1
V13M06-332-C1,GGACGGGCGACCAACC-1,section_1
V13M06-332-C1,GGACTCACAAATTAGG-1,section_1
V13M06-332-C1,GGACTCGAAGCTTTCA-1,section_1
V13M06-332-C1,GGACTCTTCCGGTTGA-1,section_1
V13M06-332-C1,GGAGACCAATGTGCTT-1,section_1
V13M06-332-C1,GGAGCAACATTTCAAG-1,section_1
V13M06-332-C1,GGAGCACCAAGAACTA-1,section_1
V13M06-332-C1,GGAGGCCGAAGTCGTC-1,section_1
V13M06-332-C1,GGAGGGTCAAGTAAGA-1,section_1
V13M06-332-C1,GGAGTTGATTCTGTGT-1,section_1
V13M06-332-C1,GGATCCGGAATATACT-1,section_1
V13M06-332-C1,GGATGAAGATCGCTGA-1,section_1
V13M06-332-C1,GGATGGCTTGAAGTAT-1,section_1
V13M06-332-C1,GGATGTCCTTACCGCA-1,section_1
V13M06-332-C1,GGATTGCTGTGACTCC-1,section_1
V13M06-332-C1,GGATTTCACTTCTATA-1,section_1
V13M06-332-C1,GGCACGCTGCTACAGT-1,section_1
V13M06-332-C1,GGCACTCAGCCGACCC-1,section_1
V13M06-332-C1,GGCACTGCGGTGGTTT-1,section_1
V13M06-332-C1,GGCAGCAAACCTATGC-1,section_1
V13M06-332-C1,GGCATATCGGTTCTGC-1,section_1
V13M06-332-C1,GGCCCGGAGCATGTCT-1,section_1
V13M06-332-C1,GGCCCGTATACCATGC-1,section_1
V13M06-332-C1,GGCCGCAGGAACCGCA-1,section_1
V13M06-332-C1,GGCCTGCTTCTCCCGA-1,section_1
V13M06-332-C1,GGCGAAATCTAACTTG-1,section_1
V13M06-332-C1,GGCGCGGAGATCTTTC-1,section_1
V13M06-332-C1,GGCGGGCTCTAAGAGT-1,section_1
V13M06-332-C1,GGCGTAGGGAAAGCTG-1,section_1
V13M06-332-C1,GGCTCGCGTTGAGGTA-1,section_1
V13M06-332-C1,GGGAAAGAATGCCAAC-1,section_1
V13M06-332-C1,GGGAAGGGCTTTCTCA-1,section_1
V13M06-332-C1,GGGAGCGACCGTAGTG-1,section_1
V13M06-332-C1,GGGATCCCAATACAAA-1,section_1
V13M06-332-C1,GGGATTTACCGCACCT-1,section_1
V13M06-332-C1,GGGCCGGCCGAAGTAC-1,section_1
V13M06-332-C1,GGGCGCAGCGTTACTC-1,section_1
V13M06-332-C1,GGGCGTGGTTTCCCAG-1,section_1
V13M06-332-C1,GGGCTCATCGAACCCA-1,section_1
V13M06-332-C1,GGGTCGTGGCAAGTGT-1,section_1
V13M06-332-C1,GGGTCTATCGCTTTCC-1,section_1
V13M06-332-C1,GGGTGCATATGAAAGC-1,section_1
V13M06-332-C1,GGGTTTAGGATAGGAT-1,section_1
V13M06-332-C1,GGTAAACTCTGCGCTG-1,section_1
V13M06-332-C1,GGTACACCAGATTTAT-1,section_1
V13M06-332-C1,GGTACCATTAAGACGG-1,section_1
V13M06-332-C1,GGTACGTTGCGGCCGG-1,section_1
V13M06-332-C1,GGTACTAAGTGCTTTG-1,section_1
V13M06-332-C1,GGTATAGTGACACATA-1,section_1
V13M06-332-C1,GGTCAAGACTACTTCG-1,section_1
V13M06-332-C1,GGTCGGATAAACGGCG-1,section_1
V13M06-332-C1,GGTCGGCCAGGAGCTT-1,section_1
V13M06-332-C1,GGTCTCCAAGTAGTGC-1,section_1
V13M06-332-C1,GGTCTCCGTCCAGGTT-1,section_1
V13M06-332-C1,GGTCTGAGAATCTGGA-1,section_1
V13M06-332-C1,GGTGACTGATAGAGAG-1,section_1
V13M06-332-C1,GGTGATAAGGAGCAGT-1,section_1
V13M06-332-C1,GGTGGACTGCTCTGGC-1,section_1
V13M06-332-C1,GGTGGAGGTTGATACG-1,section_1
V13M06-332-C1,GGTGTTGGGCGTCTTA-1,section_1
V13M06-332-C1,GGTTACCCGACACTTT-1,section_1
V13M06-332-C1,GGTTAGCTATATGTCT-1,section_1
V13M06-332-C1,GGTTCTACTCGTCTGA-1,section_1
V13M06-332-C1,GGTTTAATTGAGCAGG-1,section_1
V13M06-332-C1,GGTTTAGCCTTTCTTG-1,section_1
V13M06-332-C1,GGTTTCAATCGGTCAG-1,section_1
V13M06-332-C1,GGTTTGTGACCTGAGG-1,section_1
V13M06-332-C1,GTAACATCTAAGATAA-1,section_1
V13M06-332-C1,GTAAGTAACAGTCTGG-1,section_1
V13M06-332-C1,GTAAGTCCACACTCTA-1,section_1
V13M06-332-C1,GTAATAAAGGGCTCCC-1,section_1
V13M06-332-C1,GTACAGAGGCAAGGGT-1,section_1
V13M06-332-C1,GTACTCCTGGGTATGC-1,section_1
V13M06-332-C1,GTACTGGAGTTAGACC-1,section_1
V13M06-332-C1,GTAGCTTCCTCTTGTT-1,section_1
V13M06-332-C1,GTAGTCGCGGGAATCA-1,section_1
V13M06-332-C1,GTAGTGAGCAACCTCA-1,section_1
V13M06-332-C1,GTATCAAACGTTAGCT-1,section_1
V13M06-332-C1,GTATCCTTTGGTAACC-1,section_1
V13M06-332-C1,GTATGTGGGTCTAGTT-1,section_1
V13M06-332-C1,GTATTTAATGGCATAA-1,section_1
V13M06-332-C1,GTCAACCAGGCCTATA-1,section_1
V13M06-332-C1,GTCAATGCTATAATTT-1,section_1
V13M06-332-C1,GTCATGCGCGAGGGCT-1,section_1
V13M06-332-C1,GTCCACGTCGCATTCG-1,section_1
V13M06-332-C1,GTCCATTACTGCTACG-1,section_1
V13M06-332-C1,GTCCCGCGACGTTATG-1,section_1
V13M06-332-C1,GTCCGGACCTGAAATT-1,section_1
V13M06-332-C1,GTCCTACGAATAGTCT-1,section_1
V13M06-332-C1,GTCGATAGGTGACTTT-1,section_1
V13M06-332-C1,GTCGGGTGAAGTACCG-1,section_1
V13M06-332-C1,GTCGTATTGGCGTACA-1,section_1
V13M06-332-C1,GTCGTCTGGTTGGCTA-1,section_1
V13M06-332-C1,GTCGTGTCTGGTCATC-1,section_1
V13M06-332-C1,GTCTAGTGAGCCGCTT-1,section_1
V13M06-332-C1,GTCTATTGCATGCTCG-1,section_1
V13M06-332-C1,GTCTATTGGTTCCGGT-1,section_1
V13M06-332-C1,GTCTCCCGAGTCCCGT-1,section_1
V13M06-332-C1,GTCTCGACTAAGTTTG-1,section_1
V13M06-332-C1,GTCTTGAGGAGCAGTG-1,section_1
V13M06-332-C1,GTCTTGTAGCTATTCA-1,section_1
V13M06-332-C1,GTGAAACGGCGCCACC-1,section_1
V13M06-332-C1,GTGAACTCCCATTCGA-1,section_1
V13M06-332-C1,GTGAAGATTTCAAGTG-1,section_1
V13M06-332-C1,GTGAAGCCGTATAGTC-1,section_1
V13M06-332-C1,GTGACCGCACACTACG-1,section_1
V13M06-332-C1,GTGACCTAAAGAATAA-1,section_1
V13M06-332-C1,GTGACGAGGGTGACCC-1,section_1
V13M06-332-C1,GTGAGTCGACTAATAG-1,section_1
V13M06-332-C1,GTGATCACTAACGCCT-1,section_1
V13M06-332-C1,GTGATCCTTGTCATGA-1,section_1
V13M06-332-C1,GTGCAGCGTAGAGTAG-1,section_1
V13M06-332-C1,GTGCCCGTTCGGATTC-1,section_1
V13M06-332-C1,GTGCCTGAGACCAAAC-1,section_1
V13M06-332-C1,GTGCGACAGGGAGTGT-1,section_1
V13M06-332-C1,GTGCGTGTATATGAGC-1,section_1
V13M06-332-C1,GTGCTTACATCAGCGC-1,section_1
V13M06-332-C1,GTGGAGCATGTCGGCC-1,section_1
V13M06-332-C1,GTGGCTGTTTCTGTTC-1,section_1
V13M06-332-C1,GTGGTGATGGTTTGTG-1,section_1
V13M06-332-C1,GTGGTGGCCAAGTGAA-1,section_1
V13M06-332-C1,GTGGTTACTTCTTTCG-1,section_1
V13M06-332-C1,GTGTACCTTGGCTACG-1,section_1
V13M06-332-C1,GTGTACGAACCGTTCC-1,section_1
V13M06-332-C1,GTGTGAATAACTTAGG-1,section_1
V13M06-332-C1,GTTAAAGTAGGACTGG-1,section_1
V13M06-332-C1,GTTAACTATGTTGTCA-1,section_1
V13M06-332-C1,GTTAAGTTAGAGTGGG-1,section_1
V13M06-332-C1,GTTAATAGCGTCATTA-1,section_1
V13M06-332-C1,GTTACCAAGGCGTACG-1,section_1
V13M06-332-C1,GTTAGCCGTAAATCAA-1,section_1
V13M06-332-C1,GTTATAATACGGTGAA-1,section_1
V13M06-332-C1,GTTATATCAGGAGCCA-1,section_1
V13M06-332-C1,GTTATCAAGCTATCGA-1,section_1
V13M06-332-C1,GTTCATCGTTTGGCTG-1,section_1
V13M06-332-C1,GTTCCCGTAAACATAT-1,section_1
V13M06-332-C1,GTTCGCTGAGACGTCT-1,section_1
V13M06-332-C1,GTTCGGAGCACTCAAC-1,section_1
V13M06-332-C1,GTTCGGATCGGGAACA-1,section_1
V13M06-332-C1,GTTCGGGCGTACCATT-1,section_1
V13M06-332-C1,GTTCGTCTAAAGAACT-1,section_1
V13M06-332-C1,GTTCGTCTGGGTCCCT-1,section_1
V13M06-332-C1,GTTGCAGTCGACAACA-1,section_1
V13M06-332-C1,GTTGCGCTAACATTAC-1,section_1
V13M06-332-C1,GTTGCGGACGGTCAGG-1,section_1
V13M06-332-C1,GTTGGACCGCATCAGG-1,section_1
V13M06-332-C1,GTTGGATTGAGAACAC-1,section_1
V13M06-332-C1,GTTGTTGCAAGATGGC-1,section_1
V13M06-332-C1,GTTTCAAACGAGTTGT-1,section_1
V13M06-332-C1,GTTTCTAGAGGCGCGG-1,section_1
V13M06-332-C1,GTTTGGCCCAAGTTAT-1,section_1
V13M06-332-C1,GTTTGGGTTTCGCCCG-1,section_1
V13M06-332-C1,TAAAGACAACCCTTTA-1,section_1
V13M06-332-C1,TAAAGCGTTAGGAGAA-1,section_1
V13M06-332-C1,TAAATCTTTACACCTC-1,section_1
V13M06-332-C1,TAAATGGGCTACTGAG-1,section_1
V13M06-332-C1,TAACCTACCGTCCGAG-1,section_1
V13M06-332-C1,TAACCTAGGGAGTCCA-1,section_1
V13M06-332-C1,TAACTATTACGCCAAA-1,section_1
V13M06-332-C1,TAAGGCTGAATCCCTC-1,section_1
V13M06-332-C1,TAAGGGCCTGTCCGAT-1,section_1
V13M06-332-C1,TAAGTCGGTGAGCTAG-1,section_1
V13M06-332-C1,TAAGTTGCGACGTAGG-1,section_1
V13M06-332-C1,TAATAGCTAAATGATG-1,section_1
V13M06-332-C1,TAATAGTGACGACCAG-1,section_1
V13M06-332-C1,TAATCAACCAAATGGG-1,section_1
V13M06-332-C1,TAATCGATCCGTACGT-1,section_1
V13M06-332-C1,TAATTACGTCAGTAGA-1,section_1
V13M06-332-C1,TAATTAGGACATCCGT-1,section_1
V13M06-332-C1,TAATTCCAATGCTTCA-1,section_1
V13M06-332-C1,TACAAGGGCTTCTTTA-1,section_1
V13M06-332-C1,TACACCGTCGTTAGTC-1,section_1
V13M06-332-C1,TACACCTCTTCGAATC-1,section_1
V13M06-332-C1,TACAGAAACGGTGGGC-1,section_1
V13M06-332-C1,TACATGCCGGAATTGT-1,section_1
V13M06-332-C1,TACCAATAAAGTACCA-1,section_1
V13M06-332-C1,TACCATGTATTGATTT-1,section_1
V13M06-332-C1,TACCCTCGGTAACCCT-1,section_1
V13M06-332-C1,TACCGAATAATTGTAA-1,section_1
V13M06-332-C1,TACCGCGGACTTGCAG-1,section_1
V13M06-332-C1,TACCTCTTTACCATCC-1,section_1
V13M06-332-C1,TACGCCGCCTCAGAAG-1,section_1
V13M06-332-C1,TACGCTATAGAAACCT-1,section_1
V13M06-332-C1,TACGCTCGGTATTGGA-1,section_1
V13M06-332-C1,TACGGCATGGACGCTA-1,section_1
V13M06-332-C1,TACGTAAAGCGGAGTG-1,section_1
V13M06-332-C1,TACGTGCAAGGTTCCT-1,section_1
V13M06-332-C1,TACGTGGGCCCAGGGC-1,section_1
V13M06-332-C1,TACTCATTGACGCATC-1,section_1
V13M06-332-C1,TACTCTTACTTTACTG-1,section_1
V13M06-332-C1,TACTGCAATCAATTAC-1,section_1
V13M06-332-C1,TACTGTTTCTCTGGTA-1,section_1
V13M06-332-C1,TACTTAAACATGTACA-1,section_1
V13M06-332-C1,TACTTGTTAGTAGTCC-1,section_1
V13M06-332-C1,TACTTTACTGAGCCGG-1,section_1
V13M06-332-C1,TAGAAAGGTGGCGCTA-1,section_1
V13M06-332-C1,TAGAAGAAGGGTTACA-1,section_1
V13M06-332-C1,TAGAATAGCCGATGAA-1,section_1
V13M06-332-C1,TAGACGCCCGTACCGG-1,section_1
V13M06-332-C1,TAGACTACCTAGCGTT-1,section_1
V13M06-332-C1,TAGAGGTTCTACTTGT-1,section_1
V13M06-332-C1,TAGATGGTTCCTTACT-1,section_1
V13M06-332-C1,TAGATTCTCTAGCAAA-1,section_1
V13M06-332-C1,TAGCAGTATGACTAAA-1,section_1
V13M06-332-C1,TAGCCATTTCAAAGTC-1,section_1
V13M06-332-C1,TAGCCGGCGGTCAGCG-1,section_1
V13M06-332-C1,TAGCGTCCCTCGATTG-1,section_1
V13M06-332-C1,TAGCTCACTGTGTTTG-1,section_1
V13M06-332-C1,TAGGAGGCTCGAGAAC-1,section_1
V13M06-332-C1,TAGGCATGTTACGCCA-1,section_1
V13M06-332-C1,TAGGCCTATATAGTCT-1,section_1
V13M06-332-C1,TAGGCTAAAGTGGCAC-1,section_1
V13M06-332-C1,TAGGGAGCTTGGGATG-1,section_1
V13M06-332-C1,TAGGTCGCCGGAACTG-1,section_1
V13M06-332-C1,TAGGTGCTCGCCTAGC-1,section_1
V13M06-332-C1,TAGTCGATCACGGGTT-1,section_1
V13M06-332-C1,TAGTCTGTGACGTTGC-1,section_1
V13M06-332-C1,TAGTCTTTCCGAATTG-1,section_1
V13M06-332-C1,TAGTGACAAGCTCTAC-1,section_1
V13M06-332-C1,TATACCGAGTGCCACA-1,section_1
V13M06-332-C1,TATAGATGGTCGCAGT-1,section_1
V13M06-332-C1,TATATCCCTGGGAGGA-1,section_1
V13M06-332-C1,TATCACCCAACCGACC-1,section_1
V13M06-332-C1,TATCGATCTATGCATA-1,section_1
V13M06-332-C1,TATGAAGAATTAAGGT-1,section_1
V13M06-332-C1,TATGATCCGGCACGCC-1,section_1
V13M06-332-C1,TATGATCTTCTCTTTA-1,section_1
V13M06-332-C1,TATGGCTAGGCTAATT-1,section_1
V13M06-332-C1,TATGGTTAGTGGGAGA-1,section_1
V13M06-332-C1,TATGTCAAGACCGACT-1,section_1
V13M06-332-C1,TATGTCTCATTGTGCC-1,section_1
V13M06-332-C1,TATTACCATCCTGCTT-1,section_1
V13M06-332-C1,TATTCCGAGCTGTTAT-1,section_1
V13M06-332-C1,TATTGACATTTCTGCC-1,section_1
V13M06-332-C1,TATTGCCGGGCTTGTA-1,section_1
V13M06-332-C1,TATTTGATTTGCACAG-1,section_1
V13M06-332-C1,TCAAATTATGTTCGAC-1,section_1
V13M06-332-C1,TCAACTGCAGAGTCAG-1,section_1
V13M06-332-C1,TCAAGAAATACTAGCT-1,section_1
V13M06-332-C1,TCAAGCGCGGACGGTA-1,section_1
V13M06-332-C1,TCAAGCTGCCTTGAAA-1,section_1
V13M06-332-C1,TCAAGGTTACTACACC-1,section_1
V13M06-332-C1,TCAATATACAGGAGGC-1,section_1
V13M06-332-C1,TCAATCCCGCGCCAAA-1,section_1
V13M06-332-C1,TCACAAACCGAGGTAC-1,section_1
V13M06-332-C1,TCACAGGGAATCGCAA-1,section_1
V13M06-332-C1,TCACCGCTCGGCACTC-1,section_1
V13M06-332-C1,TCACTATCCCTTCGGT-1,section_1
V13M06-332-C1,TCAGAACCTCCACAGG-1,section_1
V13M06-332-C1,TCAGAGTGTGAGCATG-1,section_1
V13M06-332-C1,TCAGCCAATCCGTAAA-1,section_1
V13M06-332-C1,TCATAAGTCCAAGAAG-1,section_1
V13M06-332-C1,TCATCCTCAGCTGCTT-1,section_1
V13M06-332-C1,TCATCGACGACCGTCG-1,section_1
V13M06-332-C1,TCATTTAAGTCTCCGA-1,section_1
V13M06-332-C1,TCATTTAGAAGTGTGA-1,section_1
V13M06-332-C1,TCCAACTCAGCTATCT-1,section_1
V13M06-332-C1,TCCACCAAGACATAGG-1,section_1
V13M06-332-C1,TCCACTTTATCTAGGT-1,section_1
V13M06-332-C1,TCCAGATGTACGCCAA-1,section_1
V13M06-332-C1,TCCAGCGCTATAAGCG-1,section_1
V13M06-332-C1,TCCCAAACAGACAACG-1,section_1
V13M06-332-C1,TCCCAAAGCCCTAAAT-1,section_1
V13M06-332-C1,TCCCACTCTCTTCCGG-1,section_1
V13M06-332-C1,TCCCAGCACACGACAT-1,section_1
V13M06-332-C1,TCCCGCCTATGTGCGT-1,section_1
V13M06-332-C1,TCCCGTCGCGTCATAG-1,section_1
V13M06-332-C1,TCCCGTGTGCAATTTG-1,section_1
V13M06-332-C1,TCCCTAGATCAATAGG-1,section_1
V13M06-332-C1,TCCCTCTTCTCAAGGG-1,section_1
V13M06-332-C1,TCCCTTAGATTACTCG-1,section_1
V13M06-332-C1,TCCCTTGTCTGAAACT-1,section_1
V13M06-332-C1,TCCGAACGTTGCCGCT-1,section_1
V13M06-332-C1,TCCGAATGGTCCTGAG-1,section_1
V13M06-332-C1,TCCGCGGCAGCATCTG-1,section_1
V13M06-332-C1,TCCGCGGCCCAATGAA-1,section_1
V13M06-332-C1,TCCGCTGTCATCCCGG-1,section_1
V13M06-332-C1,TCCGGCCTAGCGTACA-1,section_1
V13M06-332-C1,TCCGGCTGTCGGGTCG-1,section_1
V13M06-332-C1,TCCGGGCTTGACGGGA-1,section_1
V13M06-332-C1,TCCGTTAAGCTAATAT-1,section_1
V13M06-332-C1,TCCGTTTAGCCTTGAA-1,section_1
V13M06-332-C1,TCCTAAAGATTCAGAC-1,section_1
V13M06-332-C1,TCCTACATCCACGGCC-1,section_1
V13M06-332-C1,TCCTATCATAGGTAAC-1,section_1
V13M06-332-C1,TCCTTACGACGGTCCG-1,section_1
V13M06-332-C1,TCCTTTAAATCCGCTT-1,section_1
V13M06-332-C1,TCGAAGAACCGAGCAC-1,section_1
V13M06-332-C1,TCGAGGGCAACAGACG-1,section_1
V13M06-332-C1,TCGCACCAGGAGGCAG-1,section_1
V13M06-332-C1,TCGCATAAAGGGCGCA-1,section_1
V13M06-332-C1,TCGCCGACATATTCGC-1,section_1
V13M06-332-C1,TCGCGTAGCAGTGTCC-1,section_1
V13M06-332-C1,TCGCTAAACCGCTATC-1,section_1
V13M06-332-C1,TCGCTCGGCACCAGCG-1,section_1
V13M06-332-C1,TCGCTTTAAACGTTTG-1,section_1
V13M06-332-C1,TCGGACGCCCAGCCCA-1,section_1
V13M06-332-C1,TCGGCAGGGTTAAGGG-1,section_1
V13M06-332-C1,TCGGCGAACCCAAACC-1,section_1
V13M06-332-C1,TCGGCTTGTATCGACG-1,section_1
V13M06-332-C1,TCGGGAACGTGCCTAG-1,section_1
V13M06-332-C1,TCGGGCCGTCGTGGTA-1,section_1
V13M06-332-C1,TCGTAACTCCCAAGAC-1,section_1
V13M06-332-C1,TCGTCTTAGGCGTTAA-1,section_1
V13M06-332-C1,TCGTGTATTGGTCACG-1,section_1
V13M06-332-C1,TCGTGTTCGACCACAA-1,section_1
V13M06-332-C1,TCGTTTACGCGACCCT-1,section_1
V13M06-332-C1,TCTACCCAATAGAGAG-1,section_1
V13M06-332-C1,TCTAGGTGGCGACGCT-1,section_1
V13M06-332-C1,TCTAGTGATATCGTGG-1,section_1
V13M06-332-C1,TCTATAGGTGGGTAAT-1,section_1
V13M06-332-C1,TCTATGCTATAACGAC-1,section_1
V13M06-332-C1,TCTCAAATCAATCGGG-1,section_1
V13M06-332-C1,TCTCAGGCTACTCGCT-1,section_1
V13M06-332-C1,TCTCATGAGATAGGGT-1,section_1
V13M06-332-C1,TCTCCACAAGTTGAAT-1,section_1
V13M06-332-C1,TCTCCCTGGGCAGCGT-1,section_1
V13M06-332-C1,TCTCGACGTATCGCCG-1,section_1
V13M06-332-C1,TCTCGAGGAGGTTCGC-1,section_1
V13M06-332-C1,TCTCTCGCCGCACATA-1,section_1
V13M06-332-C1,TCTGAACTCGTACCCG-1,section_1
V13M06-332-C1,TCTGAAGCACGTGGTC-1,section_1
V13M06-332-C1,TCTGAATTCCGTACAA-1,section_1
V13M06-332-C1,TCTGACGGGCTAACCC-1,section_1
V13M06-332-C1,TCTGAGCAATTGACTG-1,section_1
V13M06-332-C1,TCTGATCGGGTGCTAG-1,section_1
V13M06-332-C1,TCTGATGTATTCTGTC-1,section_1
V13M06-332-C1,TCTGATTGGAAATGGA-1,section_1
V13M06-332-C1,TCTGCACCATTAGTAA-1,section_1
V13M06-332-C1,TCTGCATACCTTGCTT-1,section_1
V13M06-332-C1,TCTGCCAGAAACTGCA-1,section_1
V13M06-332-C1,TCTGCTTAGAACAAGC-1,section_1
V13M06-332-C1,TCTGGAGCGTAAGAGT-1,section_1
V13M06-332-C1,TCTGGCCGTTCAAGTT-1,section_1
V13M06-332-C1,TCTGGGAACCTTTGAA-1,section_1
V13M06-332-C1,TCTGTGCCATCATAGT-1,section_1
V13M06-332-C1,TCTTACCGGAACTCGT-1,section_1
V13M06-332-C1,TCTTACTTATGCCTCT-1,section_1
V13M06-332-C1,TCTTAGAGCTCCAATT-1,section_1
V13M06-332-C1,TCTTAGAGTGAACTCT-1,section_1
V13M06-332-C1,TCTTCCCATGGGCACA-1,section_1
V13M06-332-C1,TCTTCGCGGTGAGAGG-1,section_1
V13M06-332-C1,TCTTCTATAACCCGCC-1,section_1
V13M06-332-C1,TCTTTAAGACTATGAA-1,section_1
V13M06-332-C1,TCTTTAGAGTCTAACA-1,section_1
V13M06-332-C1,TCTTTAGCAGGCGAAC-1,section_1
V13M06-332-C1,TCTTTCCTTCGAGATA-1,section_1
V13M06-332-C1,TGAAAGGACCTGACTC-1,section_1
V13M06-332-C1,TGAATACCGACGCGTA-1,section_1
V13M06-332-C1,TGAATGTCAGCCGGCC-1,section_1
V13M06-332-C1,TGACAACGCATGTCGC-1,section_1
V13M06-332-C1,TGACATCGAGCGGACC-1,section_1
V13M06-332-C1,TGACGATGCACTAGAA-1,section_1
V13M06-332-C1,TGACTCTAACTGGTAA-1,section_1
V13M06-332-C1,TGAGAGATTTACCACG-1,section_1
V13M06-332-C1,TGAGCTCAACTGTATA-1,section_1
V13M06-332-C1,TGAGCTTTAATGACGC-1,section_1
V13M06-332-C1,TGAGTGGTCCGTGACG-1,section_1
V13M06-332-C1,TGAGTTAAAGACATTC-1,section_1
V13M06-332-C1,TGATCCCAGCATTAGT-1,section_1
V13M06-332-C1,TGATGGCTGTTTCTGA-1,section_1
V13M06-332-C1,TGATGTCAATTAAGTG-1,section_1
V13M06-332-C1,TGCAACCCATCTGCGG-1,section_1
V13M06-332-C1,TGCAACTACTGGTTGA-1,section_1
V13M06-332-C1,TGCAATCTAACACGGT-1,section_1
V13M06-332-C1,TGCAGTTTCCTCCCAT-1,section_1
V13M06-332-C1,TGCATATGTCTGTCAC-1,section_1
V13M06-332-C1,TGCATGTGGTAATCTA-1,section_1
V13M06-332-C1,TGCCATTACTAAAGAA-1,section_1
V13M06-332-C1,TGCCGAAAGCGTATTC-1,section_1
V13M06-332-C1,TGCCTAAATTTAATAG-1,section_1
V13M06-332-C1,TGCCTAATTGAAGATT-1,section_1
V13M06-332-C1,TGCCTTGGCCAGGCAA-1,section_1
V13M06-332-C1,TGCGCCGTTAATAACG-1,section_1
V13M06-332-C1,TGCGTACGGCTAATTG-1,section_1
V13M06-332-C1,TGCTAAGTGTCTATTT-1,section_1
V13M06-332-C1,TGCTCCACAGTTCTTA-1,section_1
V13M06-332-C1,TGCTCTGCCGGTTCAC-1,section_1
V13M06-332-C1,TGGAACCACTGACACA-1,section_1
V13M06-332-C1,TGGAATATCCTTGACC-1,section_1
V13M06-332-C1,TGGAGGGAAACACCTC-1,section_1
V13M06-332-C1,TGGCAACTCGCGCGCC-1,section_1
V13M06-332-C1,TGGCAATGGGACGGCG-1,section_1
V13M06-332-C1,TGGCTACACTCTACCT-1,section_1
V13M06-332-C1,TGGCTATGTGACATAC-1,section_1
V13M06-332-C1,TGGGCAATAGTTGGGT-1,section_1
V13M06-332-C1,TGGGCAGGCCACCGCA-1,section_1
V13M06-332-C1,TGGGCCCATACTAATT-1,section_1
V13M06-332-C1,TGGGTGCACAAGCCAT-1,section_1
V13M06-332-C1,TGGGTGTAATAGATTT-1,section_1
V13M06-332-C1,TGGTAGAATATATGGG-1,section_1
V13M06-332-C1,TGGTTAAGGGCGCTGG-1,section_1
V13M06-332-C1,TGGTTTAAACGTGGGT-1,section_1
V13M06-332-C1,TGTACCTACACGAGGG-1,section_1
V13M06-332-C1,TGTACTACTCTCACGG-1,section_1
V13M06-332-C1,TGTACTTCCGGGCATG-1,section_1
V13M06-332-C1,TGTAGCCATCCCATTC-1,section_1
V13M06-332-C1,TGTAGGAGAAATTTCC-1,section_1
V13M06-332-C1,TGTATAACAGATCCTG-1,section_1
V13M06-332-C1,TGTATACGGATGATGA-1,section_1
V13M06-332-C1,TGTATGGCGCAGACAG-1,section_1
V13M06-332-C1,TGTCATTTGTTGGGAA-1,section_1
V13M06-332-C1,TGTCCACGGCTCAACT-1,section_1
V13M06-332-C1,TGTGACTAGAGTTTGC-1,section_1
V13M06-332-C1,TGTGCCGGTGCCGGAA-1,section_1
V13M06-332-C1,TGTGGACTATCTACGT-1,section_1
V13M06-332-C1,TGTGGCAAAGCGTATG-1,section_1
V13M06-332-C1,TGTGGCTCCCACCAAC-1,section_1
V13M06-332-C1,TGTGGTAGGGTGCCTT-1,section_1
V13M06-332-C1,TGTGTAGTAGCACGTG-1,section_1
V13M06-332-C1,TGTTAACAAAGTGACT-1,section_1
V13M06-332-C1,TGTTATTGTATGTGGC-1,section_1
V13M06-332-C1,TGTTCTCATACTATAG-1,section_1
V13M06-332-C1,TGTTGCCGTCGTCCCA-1,section_1
V13M06-332-C1,TGTTGTCAAGAAGTCT-1,section_1
V13M06-332-C1,TGTTTGAGATCGTCAG-1,section_1
V13M06-332-C1,TTAAACTCGAATTCAT-1,section_1
V13M06-332-C1,TTAAAGTAAGTCGCCA-1,section_1
V13M06-332-C1,TTAACGAACAAGCAGT-1,section_1
V13M06-332-C1,TTAACTGATCGTTTGG-1,section_1
V13M06-332-C1,TTAAGATAGGATTGAC-1,section_1
V13M06-332-C1,TTAAGTATTGTTATCC-1,section_1
V13M06-332-C1,TTACACGATCTGCGAC-1,section_1
V13M06-332-C1,TTACAGACCTAAATGA-1,section_1
V13M06-332-C1,TTACATGCCACAACTA-1,section_1
V13M06-332-C1,TTACGGATGGTTCGAG-1,section_1
V13M06-332-C1,TTACGTATCTATGACA-1,section_1
V13M06-332-C1,TTAGACGAGTCACCTC-1,section_1
V13M06-332-C1,TTAGAGTTTAGAAGGA-1,section_1
V13M06-332-C1,TTAGCTAATACGATCT-1,section_1
V13M06-332-C1,TTAGCTGATTTGCCGT-1,section_1
V13M06-332-C1,TTAGGATGGGAGGGTA-1,section_1
V13M06-332-C1,TTAGTAAACCTGCTCT-1,section_1
V13M06-332-C1,TTAGTTATTCGTGGCA-1,section_1
V13M06-332-C1,TTAGTTCAAGTGTTCG-1,section_1
V13M06-332-C1,TTATCCGGGATCTATA-1,section_1
V13M06-332-C1,TTATGATCTTAACGAA-1,section_1
V13M06-332-C1,TTATTATCTGGAAGGC-1,section_1
V13M06-332-C1,TTATTTAGGTTCCTTA-1,section_1
V13M06-332-C1,TTCAATACTCTGAATC-1,section_1
V13M06-332-C1,TTCAGCCCTGGTCCAC-1,section_1
V13M06-332-C1,TTCAGCTGGCGTGCCC-1,section_1
V13M06-332-C1,TTCCAATCAGAGCTAG-1,section_1
V13M06-332-C1,TTCCAGACGAGATTTA-1,section_1
V13M06-332-C1,TTCCATCGACAGCGTG-1,section_1
V13M06-332-C1,TTCCGCAGAGAAATAT-1,section_1
V13M06-332-C1,TTCCGGTATCTGTGTC-1,section_1
V13M06-332-C1,TTCCGGTTACCCACTT-1,section_1
V13M06-332-C1,TTCCTCGGACTAACCA-1,section_1
V13M06-332-C1,TTCGCTAGGAAGTTGT-1,section_1
V13M06-332-C1,TTCGGGTTGCCACGGG-1,section_1
V13M06-332-C1,TTCGGTGGAGACGCCC-1,section_1
V13M06-332-C1,TTCGTTCAACGAAGTT-1,section_1
V13M06-332-C1,TTCTAACCGAAGCTTA-1,section_1
V13M06-332-C1,TTCTATGCCTTTCGCA-1,section_1
V13M06-332-C1,TTCTGACCGGGCTCAA-1,section_1
V13M06-332-C1,TTCTGCGGGTTAGCGG-1,section_1
V13M06-332-C1,TTCTGCTAGACTCCAA-1,section_1
V13M06-332-C1,TTCTTATCCGCTGGGT-1,section_1
V13M06-332-C1,TTCTTGCTAGCATCTC-1,section_1
V13M06-332-C1,TTCTTTGGTCGCGACG-1,section_1
V13M06-332-C1,TTGAAACCCTCATTCC-1,section_1
V13M06-332-C1,TTGAACGACGTGCTGA-1,section_1
V13M06-332-C1,TTGAATTCACGTGAGG-1,section_1
V13M06-332-C1,TTGACAGGAGCTCCCG-1,section_1
V13M06-332-C1,TTGACCAGGAACAACT-1,section_1
V13M06-332-C1,TTGACGCTCCATGAGC-1,section_1
V13M06-332-C1,TTGACTATTGTCCGGC-1,section_1
V13M06-332-C1,TTGAGAAGTTTAGCAT-1,section_1
V13M06-332-C1,TTGAGCAGCCCACGGT-1,section_1
V13M06-332-C1,TTGAGCGCCACGTGAT-1,section_1
V13M06-332-C1,TTGAGTCCCGCTGCTG-1,section_1
V13M06-332-C1,TTGATAGTCAATACAT-1,section_1
V13M06-332-C1,TTGATGTGTAGTCCCG-1,section_1
V13M06-332-C1,TTGCCAAGCAGAACCC-1,section_1
V13M06-332-C1,TTGCCTTCTCGCCGGG-1,section_1
V13M06-332-C1,TTGCGCTTGATCAATA-1,section_1
V13M06-332-C1,TTGCGTGTGTAGGCAT-1,section_1
V13M06-332-C1,TTGCTCATAGTACGTG-1,section_1
V13M06-332-C1,TTGGACCATCTGGCAA-1,section_1
V13M06-332-C1,TTGGACCTATAACAGT-1,section_1
V13M06-332-C1,TTGGCCTAGAATTTCG-1,section_1
V13M06-332-C1,TTGGCGATCCGAATAT-1,section_1
V13M06-332-C1,TTGGCTCAATATGTGT-1,section_1
V13M06-332-C1,TTGGGACGTAAGAGTT-1,section_1
V13M06-332-C1,TTGGTATGGCTTGTGT-1,section_1
V13M06-332-C1,TTGGTTCGCTCAAAGG-1,section_1
V13M06-332-C1,TTGTAAGGCCAGTTGG-1,section_1
V13M06-332-C1,TTGTGAACCTAATCCG-1,section_1
V13M06-332-C1,TTGTGATCTGTTCAGT-1,section_1
V13M06-332-C1,TTGTGGTATAGGTATG-1,section_1
V13M06-332-C1,TTGTGGTGGTACTAAG-1,section_1